,Gender,Age,Income,Holding Period,Debt Amount,First Time Investing,Credit Score,Education Level,Investment Amount,Crypto Output
0,Female,18-39,"90,000-109,999",Scalp Trader,"$50,000-99,999",No,690-719,High School,"$1,000-79,999",0
1,Female,60+,"130,000+",One Day,"$150,000+",No,720-850,Bachelors,"$80,000-149,999",1
2,Male,60+,"90,000-109,999",One Day,"100,000-149,999",Yes,720-850,High School,"$80,000-149,999",0
3,Male,60+,"50,000-69,999",Intraday Trader,"$10,000-49,999",Not sure,630-689,Bachelors,"$80,000-149,999",0
4,Male,40-59,"50,000-69,999",Intraday Trader,"$150,000+",Yes,690-719,PhD,"$80,000-149,999",2
5,Male,18-39,"90,000-109,999",Position Trader,"100,000-149,999",No,690-719,High School,"$80,000-149,999",2
6,Male,18-39,"130,000+",Position Trader,"$50,000-99,999",Yes,720-850,Bachelors,"$1,000-79,999",0
7,Male,18-39,"20,000-49,000",One Day,"$150,000+",No,300-629,Bachelors,"$80,000-149,999",1
8,Female,18-39,"90,000-109,999",Intraday Trader,"100,000-149,999",Yes,690-719,High School,"$1,000-79,999",1
9,Female,40-59,"50,000-69,999",Position Trader,"100,000-149,999",No,630-689,Bachelors,"$1,000-79,999",1
10,Female,40-59,"110,000-129,999",Position Trader,"100,000-149,999",No,720-850,Bachelors,"$80,000-149,999",0
11,Female,40-59,"130,000+",One Day,"$50,000-99,999",No,690-719,PhD,"$80,000-149,999",2
12,Male,60+,"70,000-89,999",Intraday Trader,"100,000-149,999",Yes,630-689,Masters,"$1,000-79,999",2
13,Other,40-59,"50,000-69,999",Scalp Trader,"$150,000+",Yes,300-629,Bachelors,"$1,000-79,999",2
14,Male,18-39,"20,000-49,000",Scalp Trader,"100,000-149,999",Yes,690-719,Masters,"$80,000-149,999",1
15,Female,18-39,"50,000-69,999",Scalp Trader,"$150,000+",Not sure,720-850,High School,"$1,000-79,999",0
16,Female,18-39,"50,000-69,999",One Day,"100,000-149,999",Yes,630-689,Masters,"$80,000-149,999",2
17,Female,18-39,"90,000-109,999",Scalp Trader,"$150,000+",No,720-850,Bachelors,"$80,000-149,999",2
18,Male,18-39,"130,000+",One Day,"$150,000+",Yes,690-719,Bachelors,"$80,000-149,999",0
19,Male,40-59,"20,000-49,000",Scalp Trader,"$10,000-49,999",Yes,630-689,High School,"$80,000-149,999",0
20,Other,40-59,"130,000+",One Day,"$50,000-99,999",Yes,300-629,PhD,"$80,000-149,999",1
21,Other,40-59,"110,000-129,999",Scalp Trader,"$10,000-49,999",Yes,630-689,Bachelors,"$1,000-79,999",0
22,Male,40-59,"110,000-129,999",Position Trader,"$50,000-99,999",Yes,300-629,Bachelors,"150,000+",1
23,Female,60+,"130,000+",One Day,"$150,000+",Not sure,690-719,High School,"$1,000-79,999",1
24,Other,40-59,"70,000-89,999",Scalp Trader,"$10,000-49,999",No,690-719,Masters,"$1,000-79,999",2
25,Other,18-39,"90,000-109,999",Swing Trader,"$50,000-99,999",No,690-719,Bachelors,"$80,000-149,999",0
26,Male,60+,"110,000-129,999",Intraday Trader,"$150,000+",No,630-689,Masters,"$80,000-149,999",0
27,Male,40-59,"90,000-109,999",One Day,"100,000-149,999",Yes,300-629,Masters,"$80,000-149,999",1
28,Male,60+,"50,000-69,999",Intraday Trader,"$50,000-99,999",No,690-719,High School,"$1,000-79,999",1
29,Other,60+,"20,000-49,000",Intraday Trader,"100,000-149,999",No,300-629,Bachelors,"$1,000-79,999",1
30,Male,18-39,"50,000-69,999",Swing Trader,"$150,000+",No,690-719,Masters,"$80,000-149,999",0
31,Female,18-39,"110,000-129,999",Intraday Trader,"$10,000-49,999",No,720-850,Bachelors,"150,000+",1
32,Other,18-39,"90,000-109,999",Scalp Trader,"$150,000+",Yes,300-629,Masters,"$1,000-79,999",2
33,Female,40-59,"130,000+",Swing Trader,"$150,000+",No,630-689,Masters,"$1,000-79,999",0
34,Female,60+,"90,000-109,999",Swing Trader,"$150,000+",No,690-719,PhD,"150,000+",0
35,Male,18-39,"50,000-69,999",One Day,"$50,000-99,999",No,690-719,Masters,"150,000+",0
36,Female,40-59,"90,000-109,999",Intraday Trader,"$150,000+",Not sure,630-689,PhD,"$80,000-149,999",2
37,Other,18-39,"50,000-69,999",One Day,"$10,000-49,999",Yes,690-719,Bachelors,"$1,000-79,999",0
38,Male,60+,"20,000-49,000",Intraday Trader,"$10,000-49,999",No,690-719,Masters,"$1,000-79,999",0
39,Female,60+,"130,000+",Swing Trader,"$150,000+",Yes,720-850,High School,"$80,000-149,999",2
40,Other,18-39,"70,000-89,999",Intraday Trader,"$10,000-49,999",Yes,690-719,High School,"$1,000-79,999",2
41,Female,40-59,"70,000-89,999",Scalp Trader,"$10,000-49,999",Not sure,630-689,Bachelors,"$1,000-79,999",1
42,Male,18-39,"110,000-129,999",One Day,"$10,000-49,999",Yes,630-689,High School,"$80,000-149,999",0
43,Female,60+,"130,000+",Position Trader,"100,000-149,999",Yes,690-719,PhD,"$80,000-149,999",2
44,Male,60+,"20,000-49,000",Position Trader,"$150,000+",Not sure,630-689,Masters,"$80,000-149,999",0
45,Female,40-59,"20,000-49,000",Swing Trader,"$150,000+",Yes,300-629,Masters,"$1,000-79,999",1
46,Other,60+,"50,000-69,999",One Day,"$50,000-99,999",Yes,720-850,Bachelors,"$1,000-79,999",1
47,Male,18-39,"50,000-69,999",Swing Trader,"$150,000+",No,630-689,Bachelors,"$80,000-149,999",2
48,Male,60+,"70,000-89,999",Scalp Trader,"$150,000+",Not sure,630-689,Masters,"$80,000-149,999",2
49,Male,40-59,"130,000+",One Day,"$150,000+",Yes,720-850,Masters,"150,000+",2
50,Male,18-39,"130,000+",One Day,"$50,000-99,999",No,300-629,PhD,"$80,000-149,999",2
51,Female,60+,"90,000-109,999",Scalp Trader,"$10,000-49,999",Yes,720-850,High School,"$80,000-149,999",0
52,Male,40-59,"50,000-69,999",Position Trader,"$150,000+",Yes,690-719,Bachelors,"150,000+",0
53,Male,18-39,"20,000-49,000",Position Trader,"100,000-149,999",Yes,690-719,PhD,"$80,000-149,999",0
54,Female,60+,"110,000-129,999",Swing Trader,"100,000-149,999",Not sure,720-850,Bachelors,"$80,000-149,999",0
55,Male,40-59,"50,000-69,999",Position Trader,"$10,000-49,999",No,720-850,PhD,"150,000+",2
56,Female,40-59,"90,000-109,999",Intraday Trader,"$10,000-49,999",Yes,690-719,Masters,"$80,000-149,999",0
57,Male,60+,"110,000-129,999",One Day,"$50,000-99,999",Yes,690-719,Masters,"$80,000-149,999",0
58,Female,18-39,"50,000-69,999",Scalp Trader,"$50,000-99,999",Yes,690-719,Bachelors,"$1,000-79,999",0
59,Female,40-59,"20,000-49,000",Swing Trader,"100,000-149,999",Not sure,690-719,PhD,"$80,000-149,999",0
60,Male,60+,"20,000-49,000",Position Trader,"$150,000+",No,720-850,Bachelors,"$1,000-79,999",0
61,Female,18-39,"20,000-49,000",Scalp Trader,"100,000-149,999",No,630-689,Masters,"150,000+",0
62,Female,18-39,"130,000+",One Day,"$50,000-99,999",Yes,690-719,High School,"$80,000-149,999",0
63,Female,60+,"20,000-49,000",Intraday Trader,"$150,000+",No,300-629,High School,"$1,000-79,999",1
64,Male,40-59,"50,000-69,999",Scalp Trader,"$50,000-99,999",Yes,720-850,Bachelors,"$80,000-149,999",2
65,Female,40-59,"20,000-49,000",Position Trader,"$150,000+",Not sure,690-719,PhD,"$1,000-79,999",0
66,Female,18-39,"110,000-129,999",One Day,"$150,000+",Yes,690-719,Bachelors,"$1,000-79,999",2
67,Female,18-39,"50,000-69,999",Scalp Trader,"100,000-149,999",Yes,630-689,Bachelors,"$80,000-149,999",2
68,Other,60+,"70,000-89,999",One Day,"$150,000+",No,720-850,High School,"$1,000-79,999",2
69,Female,40-59,"20,000-49,000",Scalp Trader,"$50,000-99,999",Yes,300-629,Masters,"150,000+",2
70,Other,18-39,"70,000-89,999",One Day,"100,000-149,999",No,300-629,Masters,"$80,000-149,999",2
71,Male,60+,"70,000-89,999",One Day,"$50,000-99,999",Yes,300-629,PhD,"$1,000-79,999",2
72,Male,18-39,"70,000-89,999",Position Trader,"100,000-149,999",No,630-689,Bachelors,"$80,000-149,999",0
73,Other,60+,"70,000-89,999",Scalp Trader,"$50,000-99,999",No,690-719,High School,"$1,000-79,999",0
74,Female,60+,"20,000-49,000",Position Trader,"$150,000+",Not sure,690-719,High School,"$80,000-149,999",0
75,Male,40-59,"110,000-129,999",Intraday Trader,"100,000-149,999",Yes,630-689,PhD,"$1,000-79,999",0
76,Other,40-59,"20,000-49,000",Intraday Trader,"100,000-149,999",No,690-719,Masters,"$80,000-149,999",1
77,Male,40-59,"70,000-89,999",Position Trader,"$150,000+",Yes,630-689,PhD,"150,000+",0
78,Female,40-59,"50,000-69,999",Scalp Trader,"$10,000-49,999",Yes,630-689,PhD,"$80,000-149,999",0
79,Female,60+,"50,000-69,999",Position Trader,"100,000-149,999",Not sure,300-629,Bachelors,"$1,000-79,999",0
80,Other,18-39,"110,000-129,999",Position Trader,"$150,000+",Not sure,690-719,Masters,"$1,000-79,999",0
81,Female,60+,"90,000-109,999",One Day,"$150,000+",Yes,300-629,Masters,"$1,000-79,999",2
82,Female,40-59,"50,000-69,999",One Day,"$50,000-99,999",Not sure,630-689,Bachelors,"150,000+",0
83,Male,18-39,"70,000-89,999",Intraday Trader,"$150,000+",Yes,690-719,High School,"$1,000-79,999",0
84,Male,18-39,"50,000-69,999",Scalp Trader,"$150,000+",No,690-719,Bachelors,"$1,000-79,999",0
85,Other,40-59,"110,000-129,999",One Day,"$150,000+",Yes,630-689,Bachelors,"$80,000-149,999",2
86,Female,18-39,"50,000-69,999",Position Trader,"$150,000+",Not sure,690-719,Bachelors,"$1,000-79,999",2
87,Other,18-39,"130,000+",Swing Trader,"$50,000-99,999",No,300-629,PhD,"$1,000-79,999",2
88,Female,18-39,"90,000-109,999",One Day,"$50,000-99,999",No,690-719,Masters,"$80,000-149,999",2
89,Female,60+,"90,000-109,999",Swing Trader,"100,000-149,999",Yes,720-850,Masters,"$1,000-79,999",0
90,Male,40-59,"50,000-69,999",One Day,"100,000-149,999",Not sure,720-850,PhD,"$80,000-149,999",0
91,Other,60+,"20,000-49,000",One Day,"100,000-149,999",No,720-850,PhD,"$80,000-149,999",1
92,Female,18-39,"70,000-89,999",Swing Trader,"$150,000+",Yes,630-689,PhD,"$1,000-79,999",2
93,Female,40-59,"130,000+",Intraday Trader,"$10,000-49,999",Yes,300-629,Masters,"$1,000-79,999",2
94,Female,40-59,"20,000-49,000",Scalp Trader,"$150,000+",Yes,720-850,PhD,"$1,000-79,999",0
95,Male,40-59,"50,000-69,999",Position Trader,"$150,000+",Yes,690-719,Masters,"$1,000-79,999",1
96,Other,18-39,"130,000+",Swing Trader,"$150,000+",Yes,690-719,Bachelors,"$1,000-79,999",1
97,Female,60+,"110,000-129,999",One Day,"$150,000+",Yes,300-629,PhD,"$1,000-79,999",2
98,Male,60+,"50,000-69,999",Intraday Trader,"100,000-149,999",Yes,720-850,PhD,"$80,000-149,999",0
99,Female,40-59,"50,000-69,999",Position Trader,"$150,000+",No,720-850,Bachelors,"150,000+",0
100,Male,18-39,"70,000-89,999",One Day,"$50,000-99,999",No,720-850,High School,"150,000+",2
101,Female,60+,"90,000-109,999",One Day,"$10,000-49,999",Not sure,690-719,PhD,"$80,000-149,999",2
102,Other,18-39,"110,000-129,999",Intraday Trader,"$10,000-49,999",Not sure,630-689,Masters,"$80,000-149,999",2
103,Female,18-39,"130,000+",One Day,"$50,000-99,999",Yes,720-850,Masters,"$80,000-149,999",1
104,Other,60+,"110,000-129,999",One Day,"100,000-149,999",Not sure,720-850,High School,"150,000+",2
105,Female,40-59,"50,000-69,999",One Day,"$50,000-99,999",No,720-850,Masters,"$1,000-79,999",0
106,Male,60+,"130,000+",Scalp Trader,"$150,000+",No,690-719,Bachelors,"$1,000-79,999",0
107,Other,40-59,"110,000-129,999",Scalp Trader,"$10,000-49,999",No,300-629,PhD,"$80,000-149,999",1
108,Female,60+,"50,000-69,999",Swing Trader,"$150,000+",Not sure,300-629,High School,"$80,000-149,999",0
109,Other,60+,"50,000-69,999",Scalp Trader,"$150,000+",Yes,630-689,Masters,"$80,000-149,999",2
110,Male,18-39,"130,000+",Position Trader,"$50,000-99,999",No,300-629,Bachelors,"$80,000-149,999",2
111,Male,18-39,"20,000-49,000",Swing Trader,"100,000-149,999",No,720-850,Masters,"$1,000-79,999",2
112,Other,60+,"90,000-109,999",One Day,"$150,000+",Not sure,720-850,Bachelors,"$80,000-149,999",2
113,Female,40-59,"50,000-69,999",Intraday Trader,"$50,000-99,999",Yes,690-719,PhD,"$80,000-149,999",2
114,Male,18-39,"130,000+",One Day,"100,000-149,999",Yes,690-719,Bachelors,"$1,000-79,999",2
115,Female,40-59,"70,000-89,999",Position Trader,"$150,000+",Yes,690-719,Bachelors,"150,000+",1
116,Female,18-39,"110,000-129,999",Intraday Trader,"$10,000-49,999",Not sure,720-850,High School,"$1,000-79,999",2
117,Other,18-39,"50,000-69,999",One Day,"$10,000-49,999",No,690-719,PhD,"$80,000-149,999",2
118,Female,60+,"70,000-89,999",Intraday Trader,"$50,000-99,999",No,690-719,High School,"150,000+",2
119,Male,18-39,"130,000+",Position Trader,"$50,000-99,999",No,720-850,Bachelors,"150,000+",2
120,Male,18-39,"70,000-89,999",One Day,"$50,000-99,999",No,630-689,Masters,"$1,000-79,999",0
121,Male,18-39,"20,000-49,000",Scalp Trader,"$50,000-99,999",Yes,300-629,High School,"150,000+",2
122,Male,60+,"90,000-109,999",Intraday Trader,"$10,000-49,999",No,720-850,PhD,"150,000+",2
123,Male,40-59,"110,000-129,999",Position Trader,"$150,000+",No,720-850,High School,"$1,000-79,999",0
124,Other,18-39,"50,000-69,999",Scalp Trader,"$50,000-99,999",No,690-719,Bachelors,"$1,000-79,999",2
125,Female,60+,"70,000-89,999",One Day,"100,000-149,999",Not sure,690-719,High School,"$1,000-79,999",2
126,Female,40-59,"130,000+",Intraday Trader,"100,000-149,999",No,300-629,Bachelors,"150,000+",0
127,Other,40-59,"130,000+",Swing Trader,"100,000-149,999",Not sure,630-689,Masters,"150,000+",0
128,Male,40-59,"110,000-129,999",One Day,"$150,000+",No,630-689,Masters,"$1,000-79,999",2
129,Male,18-39,"90,000-109,999",Scalp Trader,"$50,000-99,999",No,720-850,PhD,"$1,000-79,999",0
130,Female,18-39,"130,000+",Intraday Trader,"$150,000+",No,300-629,Bachelors,"$1,000-79,999",2
131,Other,18-39,"130,000+",Scalp Trader,"$10,000-49,999",Yes,690-719,Masters,"$1,000-79,999",2
132,Female,18-39,"20,000-49,000",One Day,"100,000-149,999",Yes,690-719,High School,"$1,000-79,999",0
133,Male,40-59,"70,000-89,999",One Day,"$50,000-99,999",No,300-629,PhD,"$80,000-149,999",0
134,Other,40-59,"90,000-109,999",Position Trader,"$50,000-99,999",No,690-719,Bachelors,"$80,000-149,999",2
135,Male,18-39,"110,000-129,999",Swing Trader,"$50,000-99,999",Yes,720-850,Bachelors,"$80,000-149,999",1
136,Other,60+,"20,000-49,000",Intraday Trader,"100,000-149,999",Yes,630-689,Bachelors,"$80,000-149,999",0
137,Female,60+,"70,000-89,999",Intraday Trader,"$50,000-99,999",No,690-719,High School,"150,000+",0
138,Other,60+,"50,000-69,999",Intraday Trader,"$50,000-99,999",No,300-629,Bachelors,"150,000+",0
139,Female,60+,"70,000-89,999",Scalp Trader,"$50,000-99,999",Yes,630-689,High School,"$1,000-79,999",2
140,Female,18-39,"70,000-89,999",Intraday Trader,"$10,000-49,999",Yes,690-719,Bachelors,"$1,000-79,999",2
141,Male,40-59,"110,000-129,999",Swing Trader,"$50,000-99,999",No,300-629,PhD,"$1,000-79,999",2
142,Male,40-59,"70,000-89,999",One Day,"$10,000-49,999",Yes,630-689,PhD,"$1,000-79,999",0
143,Male,40-59,"90,000-109,999",Intraday Trader,"$150,000+",Yes,690-719,Bachelors,"$1,000-79,999",0
144,Male,40-59,"90,000-109,999",Swing Trader,"$150,000+",No,300-629,Bachelors,"$1,000-79,999",0
145,Male,40-59,"70,000-89,999",Swing Trader,"100,000-149,999",Yes,690-719,High School,"$1,000-79,999",2
146,Male,40-59,"20,000-49,000",Position Trader,"$150,000+",Yes,690-719,Bachelors,"$80,000-149,999",0
147,Female,40-59,"50,000-69,999",Position Trader,"$150,000+",Yes,690-719,Bachelors,"150,000+",0
148,Female,40-59,"50,000-69,999",Swing Trader,"$150,000+",Yes,630-689,High School,"$80,000-149,999",2
149,Male,18-39,"20,000-49,000",Swing Trader,"100,000-149,999",Not sure,690-719,Bachelors,"$1,000-79,999",2
150,Male,60+,"90,000-109,999",One Day,"$10,000-49,999",No,300-629,Bachelors,"$80,000-149,999",2
151,Other,60+,"90,000-109,999",Position Trader,"100,000-149,999",No,630-689,High School,"$80,000-149,999",1
152,Female,60+,"90,000-109,999",One Day,"100,000-149,999",Yes,630-689,Bachelors,"$80,000-149,999",2
153,Male,18-39,"50,000-69,999",Scalp Trader,"100,000-149,999",No,690-719,Bachelors,"$80,000-149,999",0
154,Male,18-39,"110,000-129,999",Position Trader,"$150,000+",Not sure,690-719,Bachelors,"$80,000-149,999",0
155,Female,18-39,"50,000-69,999",One Day,"$50,000-99,999",Not sure,690-719,Bachelors,"150,000+",0
156,Male,18-39,"20,000-49,000",Intraday Trader,"$150,000+",No,300-629,High School,"$80,000-149,999",1
157,Female,60+,"110,000-129,999",Scalp Trader,"$50,000-99,999",No,630-689,PhD,"$1,000-79,999",0
158,Other,40-59,"70,000-89,999",One Day,"100,000-149,999",No,690-719,High School,"$1,000-79,999",1
159,Other,60+,"110,000-129,999",One Day,"$150,000+",Not sure,300-629,Masters,"$80,000-149,999",0
160,Male,40-59,"20,000-49,000",Position Trader,"$50,000-99,999",Yes,720-850,High School,"$1,000-79,999",0
161,Female,18-39,"20,000-49,000",Swing Trader,"$50,000-99,999",No,690-719,Bachelors,"$80,000-149,999",2
162,Female,18-39,"70,000-89,999",Position Trader,"100,000-149,999",Yes,300-629,Masters,"$1,000-79,999",1
163,Other,18-39,"110,000-129,999",Position Trader,"$10,000-49,999",Not sure,720-850,Bachelors,"150,000+",0
164,Male,18-39,"20,000-49,000",Scalp Trader,"100,000-149,999",Not sure,690-719,High School,"$1,000-79,999",1
165,Male,60+,"50,000-69,999",One Day,"100,000-149,999",No,720-850,High School,"150,000+",2
166,Male,40-59,"70,000-89,999",Scalp Trader,"100,000-149,999",No,300-629,PhD,"$1,000-79,999",2
167,Female,40-59,"90,000-109,999",One Day,"$150,000+",No,720-850,Bachelors,"$80,000-149,999",0
168,Female,40-59,"110,000-129,999",Intraday Trader,"100,000-149,999",Yes,300-629,PhD,"$1,000-79,999",0
169,Female,18-39,"20,000-49,000",Scalp Trader,"100,000-149,999",Yes,720-850,PhD,"$80,000-149,999",0
170,Male,18-39,"90,000-109,999",Position Trader,"100,000-149,999",Yes,630-689,High School,"$1,000-79,999",2
171,Other,40-59,"70,000-89,999",Position Trader,"$10,000-49,999",No,690-719,Bachelors,"$1,000-79,999",1
172,Female,18-39,"110,000-129,999",One Day,"$150,000+",Not sure,690-719,High School,"$1,000-79,999",0
173,Female,18-39,"50,000-69,999",One Day,"$50,000-99,999",Yes,690-719,High School,"$80,000-149,999",2
174,Female,60+,"90,000-109,999",One Day,"100,000-149,999",Yes,690-719,Masters,"$80,000-149,999",2
175,Female,60+,"20,000-49,000",Swing Trader,"$50,000-99,999",No,300-629,Bachelors,"150,000+",0
176,Female,18-39,"20,000-49,000",One Day,"100,000-149,999",No,630-689,PhD,"$80,000-149,999",2
177,Male,60+,"70,000-89,999",Position Trader,"100,000-149,999",Yes,720-850,PhD,"$1,000-79,999",1
178,Male,40-59,"20,000-49,000",Position Trader,"$50,000-99,999",Yes,720-850,High School,"$80,000-149,999",0
179,Female,60+,"90,000-109,999",One Day,"$150,000+",Not sure,720-850,Bachelors,"150,000+",2
180,Female,40-59,"90,000-109,999",Swing Trader,"$150,000+",Not sure,300-629,High School,"150,000+",2
181,Male,40-59,"110,000-129,999",One Day,"$150,000+",Yes,300-629,Masters,"$80,000-149,999",0
182,Female,18-39,"70,000-89,999",Position Trader,"100,000-149,999",No,300-629,High School,"$80,000-149,999",0
183,Male,40-59,"130,000+",Position Trader,"100,000-149,999",Not sure,720-850,PhD,"$80,000-149,999",2
184,Male,60+,"90,000-109,999",Position Trader,"100,000-149,999",No,690-719,Bachelors,"$80,000-149,999",0
185,Other,18-39,"70,000-89,999",Scalp Trader,"$50,000-99,999",No,720-850,Bachelors,"$80,000-149,999",2
186,Male,60+,"110,000-129,999",One Day,"100,000-149,999",Yes,630-689,Masters,"$80,000-149,999",0
187,Female,60+,"90,000-109,999",Position Trader,"$50,000-99,999",Yes,690-719,Bachelors,"$80,000-149,999",0
188,Female,18-39,"70,000-89,999",Swing Trader,"$50,000-99,999",Not sure,690-719,Bachelors,"$80,000-149,999",1
189,Other,40-59,"70,000-89,999",One Day,"100,000-149,999",No,720-850,PhD,"$1,000-79,999",2
190,Male,60+,"20,000-49,000",Swing Trader,"$10,000-49,999",Yes,630-689,Bachelors,"150,000+",0
191,Male,18-39,"70,000-89,999",One Day,"100,000-149,999",No,300-629,High School,"$80,000-149,999",2
192,Female,60+,"20,000-49,000",Intraday Trader,"$150,000+",No,690-719,Masters,"$80,000-149,999",2
193,Female,18-39,"70,000-89,999",Scalp Trader,"$150,000+",No,690-719,High School,"$1,000-79,999",2
194,Other,60+,"50,000-69,999",One Day,"$10,000-49,999",Yes,300-629,Bachelors,"$80,000-149,999",2
195,Other,40-59,"90,000-109,999",Scalp Trader,"$150,000+",Not sure,690-719,Bachelors,"$1,000-79,999",2
196,Male,18-39,"20,000-49,000",Swing Trader,"$50,000-99,999",No,720-850,PhD,"$1,000-79,999",1
197,Male,18-39,"90,000-109,999",Intraday Trader,"$10,000-49,999",Yes,300-629,Bachelors,"$80,000-149,999",1
198,Female,40-59,"50,000-69,999",Position Trader,"$50,000-99,999",Yes,720-850,Bachelors,"150,000+",1
199,Other,60+,"90,000-109,999",Intraday Trader,"$150,000+",Not sure,690-719,PhD,"$1,000-79,999",1
200,Other,60+,"110,000-129,999",One Day,"100,000-149,999",No,300-629,PhD,"$80,000-149,999",2
201,Female,40-59,"70,000-89,999",Swing Trader,"$10,000-49,999",No,690-719,Masters,"$80,000-149,999",2
202,Other,60+,"110,000-129,999",Swing Trader,"$150,000+",Yes,720-850,Bachelors,"$1,000-79,999",0
203,Female,40-59,"50,000-69,999",One Day,"100,000-149,999",No,720-850,High School,"$1,000-79,999",2
204,Female,18-39,"130,000+",Swing Trader,"$150,000+",Yes,720-850,Bachelors,"$1,000-79,999",0
205,Female,40-59,"50,000-69,999",Position Trader,"$50,000-99,999",Yes,630-689,High School,"$1,000-79,999",0
206,Female,18-39,"130,000+",Position Trader,"$10,000-49,999",Yes,300-629,PhD,"$80,000-149,999",0
207,Female,60+,"50,000-69,999",Intraday Trader,"100,000-149,999",Yes,720-850,Bachelors,"$80,000-149,999",0
208,Other,18-39,"70,000-89,999",One Day,"100,000-149,999",Not sure,630-689,Bachelors,"$1,000-79,999",0
209,Other,60+,"130,000+",Swing Trader,"$10,000-49,999",No,720-850,Masters,"$80,000-149,999",2
210,Female,40-59,"110,000-129,999",Swing Trader,"$10,000-49,999",Yes,720-850,Bachelors,"150,000+",0
211,Other,18-39,"110,000-129,999",Position Trader,"$10,000-49,999",No,630-689,Masters,"150,000+",2
212,Male,18-39,"70,000-89,999",One Day,"$10,000-49,999",Yes,720-850,PhD,"$80,000-149,999",1
213,Male,18-39,"110,000-129,999",One Day,"$50,000-99,999",No,690-719,Masters,"$80,000-149,999",2
214,Male,18-39,"130,000+",Intraday Trader,"100,000-149,999",Yes,720-850,Bachelors,"$80,000-149,999",0
215,Female,40-59,"70,000-89,999",Swing Trader,"100,000-149,999",Yes,720-850,PhD,"$80,000-149,999",0
216,Male,40-59,"90,000-109,999",Position Trader,"$150,000+",Yes,630-689,Masters,"$80,000-149,999",0
217,Other,60+,"20,000-49,000",One Day,"$10,000-49,999",Yes,630-689,PhD,"150,000+",1
218,Other,60+,"70,000-89,999",One Day,"$150,000+",Not sure,690-719,PhD,"$1,000-79,999",2
219,Male,18-39,"70,000-89,999",One Day,"100,000-149,999",Not sure,690-719,PhD,"$80,000-149,999",2
220,Male,18-39,"130,000+",Scalp Trader,"$150,000+",Yes,720-850,Bachelors,"$1,000-79,999",2
221,Male,40-59,"20,000-49,000",One Day,"$10,000-49,999",No,690-719,Masters,"$80,000-149,999",0
222,Male,40-59,"110,000-129,999",Position Trader,"$10,000-49,999",Not sure,690-719,Masters,"$1,000-79,999",1
223,Other,60+,"90,000-109,999",One Day,"$150,000+",Yes,300-629,Masters,"$80,000-149,999",0
224,Male,40-59,"90,000-109,999",One Day,"100,000-149,999",No,630-689,Bachelors,"150,000+",2
225,Other,40-59,"20,000-49,000",Intraday Trader,"100,000-149,999",Yes,300-629,PhD,"150,000+",1
226,Female,18-39,"20,000-49,000",Position Trader,"$10,000-49,999",Yes,720-850,PhD,"$80,000-149,999",1
227,Other,60+,"50,000-69,999",Intraday Trader,"100,000-149,999",No,300-629,Masters,"$80,000-149,999",1
228,Other,18-39,"20,000-49,000",Position Trader,"$150,000+",No,720-850,Bachelors,"$80,000-149,999",2
229,Other,60+,"110,000-129,999",One Day,"$150,000+",No,720-850,Bachelors,"150,000+",1
230,Female,18-39,"130,000+",Swing Trader,"100,000-149,999",Not sure,690-719,Bachelors,"$1,000-79,999",2
231,Female,40-59,"90,000-109,999",One Day,"$50,000-99,999",Not sure,300-629,High School,"$80,000-149,999",1
232,Female,18-39,"90,000-109,999",Swing Trader,"100,000-149,999",Yes,630-689,Masters,"$80,000-149,999",0
233,Male,60+,"90,000-109,999",Position Trader,"$50,000-99,999",Yes,300-629,Bachelors,"150,000+",2
234,Female,18-39,"50,000-69,999",Position Trader,"$50,000-99,999",No,690-719,Bachelors,"$1,000-79,999",1
235,Female,18-39,"70,000-89,999",One Day,"100,000-149,999",Yes,300-629,Bachelors,"$80,000-149,999",1
236,Male,60+,"90,000-109,999",Position Trader,"$150,000+",No,720-850,High School,"$1,000-79,999",0
237,Female,40-59,"130,000+",Swing Trader,"$150,000+",No,690-719,Bachelors,"$1,000-79,999",1
238,Female,18-39,"50,000-69,999",Position Trader,"$150,000+",No,300-629,PhD,"$1,000-79,999",0
239,Other,18-39,"50,000-69,999",One Day,"$50,000-99,999",Yes,690-719,PhD,"$1,000-79,999",0
240,Male,18-39,"110,000-129,999",One Day,"$150,000+",Not sure,300-629,High School,"$1,000-79,999",2
241,Other,18-39,"50,000-69,999",Scalp Trader,"$150,000+",No,630-689,High School,"$1,000-79,999",0
242,Female,18-39,"20,000-49,000",Swing Trader,"100,000-149,999",Yes,690-719,High School,"$80,000-149,999",0
243,Male,60+,"20,000-49,000",Position Trader,"100,000-149,999",Yes,690-719,Bachelors,"$80,000-149,999",2
244,Female,60+,"50,000-69,999",Position Trader,"$50,000-99,999",No,630-689,PhD,"$80,000-149,999",0
245,Female,40-59,"70,000-89,999",Intraday Trader,"$10,000-49,999",No,630-689,Bachelors,"$80,000-149,999",2
246,Male,40-59,"90,000-109,999",Intraday Trader,"100,000-149,999",Not sure,300-629,Bachelors,"$1,000-79,999",2
247,Female,60+,"130,000+",Swing Trader,"$150,000+",Not sure,300-629,Bachelors,"$80,000-149,999",2
248,Female,40-59,"130,000+",One Day,"$50,000-99,999",No,300-629,PhD,"$80,000-149,999",0
249,Other,18-39,"50,000-69,999",Position Trader,"100,000-149,999",Yes,300-629,Masters,"$1,000-79,999",2
250,Male,18-39,"110,000-129,999",Position Trader,"100,000-149,999",No,630-689,High School,"150,000+",0
251,Other,60+,"50,000-69,999",Scalp Trader,"$150,000+",Yes,720-850,Bachelors,"$80,000-149,999",2
252,Female,18-39,"70,000-89,999",Intraday Trader,"$150,000+",No,630-689,High School,"150,000+",0
253,Other,40-59,"50,000-69,999",Scalp Trader,"$150,000+",No,690-719,Masters,"$1,000-79,999",1
254,Female,18-39,"70,000-89,999",Position Trader,"$150,000+",Not sure,690-719,High School,"$80,000-149,999",0
255,Other,60+,"50,000-69,999",Position Trader,"$150,000+",Yes,690-719,High School,"$1,000-79,999",0
256,Female,18-39,"50,000-69,999",One Day,"$50,000-99,999",Yes,300-629,Masters,"150,000+",2
257,Female,18-39,"20,000-49,000",Position Trader,"$150,000+",No,690-719,Bachelors,"$1,000-79,999",2
258,Male,60+,"130,000+",Scalp Trader,"$50,000-99,999",No,690-719,PhD,"$1,000-79,999",2
259,Female,18-39,"90,000-109,999",Intraday Trader,"$150,000+",Yes,720-850,Bachelors,"$80,000-149,999",1
260,Female,18-39,"130,000+",Intraday Trader,"$50,000-99,999",Not sure,690-719,Masters,"$80,000-149,999",2
261,Other,60+,"110,000-129,999",Position Trader,"$50,000-99,999",Not sure,690-719,PhD,"150,000+",1
262,Female,60+,"70,000-89,999",One Day,"100,000-149,999",No,720-850,Masters,"$80,000-149,999",0
263,Female,40-59,"110,000-129,999",Swing Trader,"$10,000-49,999",Yes,630-689,Bachelors,"$1,000-79,999",1
264,Other,18-39,"90,000-109,999",Intraday Trader,"$150,000+",Yes,690-719,Masters,"$1,000-79,999",2
265,Male,40-59,"50,000-69,999",Position Trader,"100,000-149,999",Yes,630-689,High School,"$80,000-149,999",2
266,Female,40-59,"90,000-109,999",Scalp Trader,"$150,000+",Not sure,690-719,Masters,"$1,000-79,999",0
267,Female,18-39,"110,000-129,999",Position Trader,"$150,000+",Yes,630-689,Bachelors,"$1,000-79,999",2
268,Female,18-39,"50,000-69,999",Position Trader,"$150,000+",Yes,630-689,PhD,"$1,000-79,999",2
269,Female,60+,"20,000-49,000",Swing Trader,"100,000-149,999",No,630-689,PhD,"$1,000-79,999",2
270,Female,40-59,"50,000-69,999",Position Trader,"100,000-149,999",No,690-719,Masters,"$80,000-149,999",2
271,Male,60+,"110,000-129,999",One Day,"100,000-149,999",Yes,690-719,High School,"$1,000-79,999",0
272,Female,18-39,"130,000+",Intraday Trader,"$150,000+",No,630-689,Masters,"$80,000-149,999",2
273,Female,40-59,"90,000-109,999",Position Trader,"$50,000-99,999",No,630-689,Bachelors,"150,000+",0
274,Other,40-59,"20,000-49,000",One Day,"$150,000+",No,720-850,Bachelors,"$80,000-149,999",0
275,Female,18-39,"110,000-129,999",Scalp Trader,"$150,000+",Yes,630-689,Bachelors,"150,000+",1
276,Male,18-39,"90,000-109,999",One Day,"$150,000+",Yes,300-629,PhD,"150,000+",0
277,Female,18-39,"110,000-129,999",One Day,"$150,000+",Yes,300-629,Bachelors,"150,000+",0
278,Male,18-39,"130,000+",Position Trader,"$150,000+",No,300-629,PhD,"150,000+",2
279,Female,18-39,"130,000+",Intraday Trader,"$10,000-49,999",Yes,690-719,PhD,"150,000+",2
280,Other,60+,"110,000-129,999",One Day,"$50,000-99,999",Yes,630-689,Masters,"150,000+",0
281,Other,40-59,"130,000+",One Day,"$50,000-99,999",Yes,690-719,Bachelors,"$80,000-149,999",0
282,Female,40-59,"110,000-129,999",Intraday Trader,"$150,000+",Yes,300-629,Masters,"$1,000-79,999",0
283,Male,18-39,"110,000-129,999",Scalp Trader,"$150,000+",No,300-629,Masters,"$80,000-149,999",2
284,Male,40-59,"130,000+",Scalp Trader,"$150,000+",Yes,720-850,High School,"150,000+",0
285,Other,40-59,"130,000+",Position Trader,"100,000-149,999",Not sure,630-689,Masters,"$1,000-79,999",2
286,Female,18-39,"130,000+",Swing Trader,"$150,000+",Yes,720-850,High School,"$80,000-149,999",0
287,Other,18-39,"70,000-89,999",Swing Trader,"$50,000-99,999",Not sure,630-689,Bachelors,"$1,000-79,999",1
288,Female,18-39,"20,000-49,000",Position Trader,"100,000-149,999",Not sure,720-850,PhD,"150,000+",0
289,Female,60+,"130,000+",Scalp Trader,"$10,000-49,999",Yes,300-629,Masters,"$80,000-149,999",1
290,Female,60+,"90,000-109,999",Scalp Trader,"$50,000-99,999",Yes,720-850,Bachelors,"$1,000-79,999",0
291,Female,60+,"90,000-109,999",Position Trader,"$50,000-99,999",Yes,720-850,PhD,"$1,000-79,999",1
292,Female,18-39,"130,000+",Position Trader,"100,000-149,999",No,690-719,Masters,"150,000+",1
293,Female,60+,"20,000-49,000",Swing Trader,"100,000-149,999",No,690-719,Masters,"$80,000-149,999",0
294,Male,40-59,"130,000+",Swing Trader,"$150,000+",No,630-689,PhD,"$80,000-149,999",1
295,Male,60+,"20,000-49,000",One Day,"$50,000-99,999",No,690-719,PhD,"$1,000-79,999",2
296,Female,40-59,"110,000-129,999",One Day,"$10,000-49,999",No,630-689,Masters,"$1,000-79,999",2
297,Male,40-59,"90,000-109,999",Scalp Trader,"100,000-149,999",No,690-719,High School,"$1,000-79,999",0
298,Other,60+,"90,000-109,999",Scalp Trader,"$150,000+",Yes,690-719,Bachelors,"$80,000-149,999",0
299,Male,18-39,"70,000-89,999",Position Trader,"100,000-149,999",No,630-689,Bachelors,"$80,000-149,999",2
300,Other,40-59,"50,000-69,999",One Day,"$50,000-99,999",Yes,690-719,Masters,"$80,000-149,999",2
301,Other,18-39,"90,000-109,999",One Day,"$150,000+",No,300-629,Masters,"$1,000-79,999",0
302,Female,40-59,"130,000+",Scalp Trader,"100,000-149,999",Not sure,300-629,Masters,"$1,000-79,999",0
303,Female,60+,"90,000-109,999",Intraday Trader,"$10,000-49,999",Yes,300-629,PhD,"$80,000-149,999",1
304,Male,18-39,"110,000-129,999",One Day,"$150,000+",No,630-689,Masters,"$1,000-79,999",2
305,Female,18-39,"70,000-89,999",One Day,"100,000-149,999",Yes,690-719,PhD,"$80,000-149,999",2
306,Male,60+,"130,000+",Scalp Trader,"$50,000-99,999",No,300-629,High School,"150,000+",2
307,Male,40-59,"110,000-129,999",Scalp Trader,"$150,000+",Not sure,300-629,Bachelors,"$1,000-79,999",2
308,Female,18-39,"50,000-69,999",One Day,"$50,000-99,999",Yes,300-629,High School,"$1,000-79,999",2
309,Male,40-59,"110,000-129,999",Position Trader,"100,000-149,999",Not sure,720-850,Masters,"$80,000-149,999",2
310,Other,40-59,"90,000-109,999",Position Trader,"$150,000+",No,720-850,PhD,"$1,000-79,999",1
311,Other,18-39,"130,000+",Scalp Trader,"$10,000-49,999",Yes,630-689,Bachelors,"$80,000-149,999",0
312,Male,40-59,"50,000-69,999",Position Trader,"100,000-149,999",Yes,300-629,Bachelors,"$80,000-149,999",2
313,Male,18-39,"20,000-49,000",Swing Trader,"$150,000+",Yes,630-689,High School,"150,000+",1
314,Male,18-39,"50,000-69,999",Swing Trader,"$150,000+",Not sure,720-850,Masters,"$1,000-79,999",1
315,Female,60+,"70,000-89,999",One Day,"$10,000-49,999",Yes,690-719,Bachelors,"$80,000-149,999",2
316,Female,40-59,"130,000+",One Day,"$150,000+",No,690-719,High School,"$80,000-149,999",0
317,Male,40-59,"50,000-69,999",Position Trader,"$150,000+",Yes,630-689,Masters,"$80,000-149,999",2
318,Male,60+,"90,000-109,999",Position Trader,"$150,000+",Yes,720-850,Masters,"$1,000-79,999",2
319,Other,40-59,"90,000-109,999",Scalp Trader,"$150,000+",Yes,720-850,Bachelors,"$80,000-149,999",0
320,Female,40-59,"70,000-89,999",One Day,"$10,000-49,999",No,720-850,High School,"$1,000-79,999",0
321,Female,60+,"20,000-49,000",Swing Trader,"$150,000+",No,720-850,Bachelors,"150,000+",0
322,Male,60+,"110,000-129,999",One Day,"$50,000-99,999",Not sure,630-689,High School,"$80,000-149,999",1
323,Male,18-39,"50,000-69,999",Position Trader,"$50,000-99,999",No,720-850,Masters,"$1,000-79,999",0
324,Female,18-39,"70,000-89,999",Intraday Trader,"$50,000-99,999",No,690-719,Bachelors,"$1,000-79,999",0
325,Female,18-39,"70,000-89,999",Position Trader,"$50,000-99,999",No,630-689,PhD,"$1,000-79,999",0
326,Male,60+,"110,000-129,999",Swing Trader,"$50,000-99,999",Not sure,690-719,High School,"$1,000-79,999",0
327,Female,18-39,"20,000-49,000",Scalp Trader,"100,000-149,999",Yes,690-719,Masters,"$80,000-149,999",0
328,Female,40-59,"90,000-109,999",Intraday Trader,"$10,000-49,999",Not sure,690-719,PhD,"$80,000-149,999",1
329,Female,18-39,"20,000-49,000",One Day,"$50,000-99,999",Not sure,630-689,Masters,"$1,000-79,999",2
330,Male,18-39,"130,000+",Scalp Trader,"100,000-149,999",No,690-719,Bachelors,"$80,000-149,999",0
331,Female,40-59,"90,000-109,999",Intraday Trader,"$10,000-49,999",No,630-689,Bachelors,"$1,000-79,999",0
332,Male,18-39,"70,000-89,999",One Day,"$50,000-99,999",No,690-719,Masters,"$1,000-79,999",1
333,Female,18-39,"20,000-49,000",Position Trader,"$50,000-99,999",Not sure,690-719,High School,"150,000+",0
334,Female,40-59,"110,000-129,999",Scalp Trader,"$10,000-49,999",Not sure,630-689,PhD,"$80,000-149,999",0
335,Male,18-39,"130,000+",Swing Trader,"$150,000+",No,690-719,Bachelors,"$80,000-149,999",0
336,Male,40-59,"50,000-69,999",Swing Trader,"$50,000-99,999",No,300-629,Masters,"$1,000-79,999",2
337,Other,40-59,"110,000-129,999",Scalp Trader,"100,000-149,999",No,690-719,High School,"$80,000-149,999",0
338,Other,18-39,"50,000-69,999",One Day,"100,000-149,999",Not sure,690-719,High School,"150,000+",1
339,Female,40-59,"130,000+",Swing Trader,"$50,000-99,999",Yes,630-689,Bachelors,"$80,000-149,999",0
340,Other,40-59,"110,000-129,999",Position Trader,"$10,000-49,999",Yes,630-689,Bachelors,"$80,000-149,999",1
341,Other,40-59,"90,000-109,999",One Day,"$150,000+",Yes,720-850,Bachelors,"$80,000-149,999",1
342,Other,40-59,"130,000+",Scalp Trader,"$150,000+",No,690-719,High School,"$80,000-149,999",1
343,Other,18-39,"50,000-69,999",Scalp Trader,"$50,000-99,999",Not sure,690-719,Bachelors,"$1,000-79,999",0
344,Male,40-59,"130,000+",Intraday Trader,"$10,000-49,999",Yes,300-629,Bachelors,"$80,000-149,999",1
345,Female,60+,"110,000-129,999",Position Trader,"$10,000-49,999",Not sure,630-689,Masters,"150,000+",1
346,Female,40-59,"110,000-129,999",One Day,"$50,000-99,999",Yes,690-719,High School,"$1,000-79,999",1
347,Female,60+,"90,000-109,999",Intraday Trader,"$10,000-49,999",No,690-719,PhD,"$80,000-149,999",1
348,Female,40-59,"130,000+",Scalp Trader,"$10,000-49,999",Yes,690-719,Bachelors,"$80,000-149,999",2
349,Male,60+,"110,000-129,999",Position Trader,"100,000-149,999",Yes,300-629,Masters,"$1,000-79,999",0
350,Female,18-39,"20,000-49,000",Scalp Trader,"$150,000+",Yes,300-629,PhD,"$1,000-79,999",0
351,Female,60+,"90,000-109,999",Intraday Trader,"100,000-149,999",No,300-629,Bachelors,"$80,000-149,999",2
352,Male,40-59,"50,000-69,999",Scalp Trader,"$150,000+",No,720-850,Bachelors,"$80,000-149,999",0
353,Male,18-39,"130,000+",Position Trader,"100,000-149,999",Not sure,300-629,Masters,"$1,000-79,999",2
354,Female,18-39,"50,000-69,999",Position Trader,"$150,000+",Yes,690-719,High School,"150,000+",2
355,Male,40-59,"50,000-69,999",Scalp Trader,"$50,000-99,999",Yes,690-719,Masters,"$80,000-149,999",2
356,Female,60+,"20,000-49,000",Position Trader,"$150,000+",Yes,690-719,High School,"150,000+",2
357,Female,18-39,"70,000-89,999",One Day,"$50,000-99,999",Not sure,690-719,Bachelors,"$1,000-79,999",2
358,Female,40-59,"90,000-109,999",Scalp Trader,"$150,000+",Yes,630-689,Masters,"150,000+",1
359,Other,60+,"90,000-109,999",Position Trader,"$50,000-99,999",Not sure,720-850,High School,"$80,000-149,999",1
360,Male,40-59,"130,000+",One Day,"$150,000+",No,690-719,Masters,"$1,000-79,999",2
361,Male,60+,"50,000-69,999",One Day,"$150,000+",Not sure,690-719,PhD,"$1,000-79,999",1
362,Other,18-39,"70,000-89,999",One Day,"100,000-149,999",Not sure,690-719,Bachelors,"$1,000-79,999",0
363,Female,18-39,"130,000+",Position Trader,"$10,000-49,999",Yes,630-689,Bachelors,"$1,000-79,999",2
364,Other,60+,"90,000-109,999",Intraday Trader,"$50,000-99,999",No,300-629,High School,"$1,000-79,999",0
365,Female,60+,"110,000-129,999",Scalp Trader,"$10,000-49,999",Yes,300-629,High School,"$80,000-149,999",0
366,Other,40-59,"50,000-69,999",One Day,"$150,000+",Yes,630-689,Bachelors,"$1,000-79,999",2
367,Female,60+,"70,000-89,999",One Day,"$10,000-49,999",Yes,630-689,PhD,"$80,000-149,999",2
368,Female,60+,"90,000-109,999",Scalp Trader,"$150,000+",No,720-850,Bachelors,"150,000+",2
369,Male,60+,"20,000-49,000",One Day,"$10,000-49,999",Yes,690-719,Bachelors,"$80,000-149,999",2
370,Female,60+,"20,000-49,000",One Day,"$50,000-99,999",Not sure,300-629,High School,"$80,000-149,999",2
371,Male,18-39,"20,000-49,000",One Day,"$50,000-99,999",Yes,690-719,PhD,"$1,000-79,999",0
372,Male,18-39,"70,000-89,999",One Day,"100,000-149,999",No,720-850,Masters,"$80,000-149,999",1
373,Female,18-39,"20,000-49,000",One Day,"100,000-149,999",No,720-850,Bachelors,"150,000+",0
374,Male,18-39,"90,000-109,999",One Day,"$150,000+",Yes,690-719,PhD,"$1,000-79,999",2
375,Female,60+,"20,000-49,000",Swing Trader,"100,000-149,999",Yes,720-850,Masters,"$1,000-79,999",0
376,Other,18-39,"50,000-69,999",Scalp Trader,"$50,000-99,999",No,300-629,Bachelors,"150,000+",0
377,Female,60+,"70,000-89,999",Scalp Trader,"$10,000-49,999",No,300-629,Bachelors,"$1,000-79,999",2
378,Female,40-59,"20,000-49,000",Intraday Trader,"$150,000+",Not sure,720-850,Bachelors,"$1,000-79,999",1
379,Male,40-59,"50,000-69,999",Swing Trader,"100,000-149,999",Yes,720-850,Bachelors,"$80,000-149,999",0
380,Female,18-39,"20,000-49,000",Scalp Trader,"100,000-149,999",Not sure,630-689,Masters,"$80,000-149,999",0
381,Female,18-39,"130,000+",Position Trader,"100,000-149,999",No,690-719,Masters,"$80,000-149,999",0
382,Other,18-39,"90,000-109,999",One Day,"100,000-149,999",Yes,300-629,Bachelors,"$80,000-149,999",2
383,Male,60+,"70,000-89,999",One Day,"100,000-149,999",No,690-719,Bachelors,"$1,000-79,999",2
384,Male,60+,"20,000-49,000",One Day,"100,000-149,999",Yes,690-719,PhD,"$80,000-149,999",0
385,Male,18-39,"70,000-89,999",Intraday Trader,"100,000-149,999",Yes,630-689,Bachelors,"$1,000-79,999",0
386,Female,40-59,"70,000-89,999",Scalp Trader,"100,000-149,999",No,690-719,Masters,"150,000+",0
387,Female,18-39,"130,000+",One Day,"$10,000-49,999",No,690-719,PhD,"$1,000-79,999",1
388,Male,18-39,"50,000-69,999",Scalp Trader,"$150,000+",No,720-850,Masters,"$80,000-149,999",2
389,Female,60+,"90,000-109,999",Position Trader,"$150,000+",Yes,720-850,Bachelors,"$80,000-149,999",2
390,Male,60+,"110,000-129,999",One Day,"$50,000-99,999",Yes,720-850,Bachelors,"$1,000-79,999",2
391,Female,18-39,"20,000-49,000",Swing Trader,"100,000-149,999",Yes,690-719,Masters,"$1,000-79,999",2
392,Male,60+,"90,000-109,999",Scalp Trader,"$150,000+",No,300-629,Masters,"$1,000-79,999",0
393,Male,18-39,"110,000-129,999",One Day,"100,000-149,999",No,630-689,PhD,"$80,000-149,999",0
394,Female,18-39,"20,000-49,000",Intraday Trader,"$150,000+",No,720-850,Bachelors,"$80,000-149,999",1
395,Other,60+,"90,000-109,999",Intraday Trader,"$10,000-49,999",Yes,630-689,Bachelors,"$80,000-149,999",1
396,Female,60+,"20,000-49,000",Intraday Trader,"$150,000+",No,630-689,Bachelors,"$80,000-149,999",0
397,Female,40-59,"20,000-49,000",One Day,"$150,000+",No,690-719,Masters,"150,000+",2
398,Female,60+,"20,000-49,000",Position Trader,"$50,000-99,999",No,720-850,Bachelors,"$1,000-79,999",0
399,Female,60+,"70,000-89,999",Scalp Trader,"$50,000-99,999",No,630-689,PhD,"$1,000-79,999",2
400,Other,40-59,"130,000+",Intraday Trader,"100,000-149,999",Not sure,690-719,Masters,"$1,000-79,999",0
401,Other,18-39,"70,000-89,999",One Day,"100,000-149,999",No,630-689,Bachelors,"150,000+",2
402,Male,60+,"20,000-49,000",Scalp Trader,"100,000-149,999",Yes,630-689,Bachelors,"$80,000-149,999",0
403,Female,40-59,"130,000+",One Day,"$10,000-49,999",Yes,300-629,Bachelors,"$80,000-149,999",0
404,Female,40-59,"90,000-109,999",Position Trader,"$50,000-99,999",No,300-629,Bachelors,"$1,000-79,999",1
405,Other,60+,"50,000-69,999",Scalp Trader,"$10,000-49,999",Yes,300-629,Bachelors,"150,000+",2
406,Male,60+,"130,000+",Scalp Trader,"$10,000-49,999",No,690-719,Bachelors,"$80,000-149,999",0
407,Male,18-39,"130,000+",One Day,"$150,000+",Yes,690-719,Bachelors,"$1,000-79,999",2
408,Male,18-39,"50,000-69,999",Position Trader,"$10,000-49,999",Yes,300-629,Bachelors,"$80,000-149,999",0
409,Female,18-39,"50,000-69,999",One Day,"100,000-149,999",No,630-689,Bachelors,"$1,000-79,999",0
410,Male,40-59,"90,000-109,999",Intraday Trader,"$50,000-99,999",Yes,300-629,Bachelors,"$80,000-149,999",2
411,Female,40-59,"130,000+",Scalp Trader,"$150,000+",No,720-850,Bachelors,"150,000+",0
412,Other,60+,"50,000-69,999",Swing Trader,"100,000-149,999",No,630-689,Masters,"$1,000-79,999",0
413,Female,60+,"90,000-109,999",Intraday Trader,"$150,000+",Yes,630-689,High School,"$1,000-79,999",2
414,Female,18-39,"20,000-49,000",Scalp Trader,"100,000-149,999",No,720-850,PhD,"$80,000-149,999",2
415,Male,60+,"50,000-69,999",Intraday Trader,"100,000-149,999",No,630-689,Bachelors,"$80,000-149,999",2
416,Other,60+,"110,000-129,999",One Day,"$50,000-99,999",Not sure,630-689,High School,"150,000+",0
417,Female,60+,"20,000-49,000",One Day,"$50,000-99,999",Yes,720-850,Masters,"$1,000-79,999",0
418,Other,18-39,"50,000-69,999",One Day,"100,000-149,999",No,300-629,High School,"150,000+",2
419,Female,18-39,"110,000-129,999",Swing Trader,"$50,000-99,999",Not sure,300-629,Bachelors,"$80,000-149,999",2
420,Male,18-39,"20,000-49,000",Swing Trader,"$10,000-49,999",Yes,720-850,Masters,"$1,000-79,999",0
421,Male,18-39,"20,000-49,000",Position Trader,"100,000-149,999",No,630-689,PhD,"150,000+",2
422,Male,18-39,"50,000-69,999",Position Trader,"$10,000-49,999",No,630-689,PhD,"$80,000-149,999",0
423,Male,18-39,"50,000-69,999",Scalp Trader,"$150,000+",Not sure,720-850,Bachelors,"$80,000-149,999",0
424,Female,18-39,"70,000-89,999",One Day,"$50,000-99,999",Yes,630-689,PhD,"$80,000-149,999",2
425,Male,60+,"130,000+",One Day,"100,000-149,999",No,300-629,PhD,"$80,000-149,999",2
426,Male,40-59,"20,000-49,000",Swing Trader,"$50,000-99,999",No,720-850,High School,"$80,000-149,999",0
427,Female,18-39,"50,000-69,999",Swing Trader,"$150,000+",Yes,300-629,Masters,"$80,000-149,999",1
428,Female,40-59,"90,000-109,999",Swing Trader,"$150,000+",No,630-689,Masters,"$1,000-79,999",1
429,Female,40-59,"20,000-49,000",Intraday Trader,"$50,000-99,999",No,300-629,Masters,"$80,000-149,999",1
430,Female,18-39,"130,000+",One Day,"$10,000-49,999",No,630-689,Bachelors,"$1,000-79,999",1
431,Female,60+,"90,000-109,999",Swing Trader,"$50,000-99,999",Yes,630-689,High School,"$80,000-149,999",2
432,Female,60+,"20,000-49,000",One Day,"100,000-149,999",Yes,690-719,Bachelors,"$1,000-79,999",1
433,Female,60+,"50,000-69,999",Swing Trader,"$50,000-99,999",Yes,300-629,High School,"150,000+",2
434,Other,60+,"110,000-129,999",Swing Trader,"$150,000+",Yes,690-719,Bachelors,"150,000+",0
435,Female,18-39,"70,000-89,999",Position Trader,"$150,000+",No,720-850,PhD,"$1,000-79,999",0
436,Other,40-59,"70,000-89,999",One Day,"$50,000-99,999",No,690-719,Bachelors,"$1,000-79,999",2
437,Male,18-39,"130,000+",One Day,"$50,000-99,999",No,630-689,High School,"$80,000-149,999",1
438,Female,18-39,"20,000-49,000",Scalp Trader,"$10,000-49,999",No,720-850,PhD,"$1,000-79,999",0
439,Male,60+,"130,000+",Intraday Trader,"100,000-149,999",No,720-850,High School,"150,000+",0
440,Female,18-39,"20,000-49,000",One Day,"$50,000-99,999",Yes,690-719,Masters,"$1,000-79,999",2
441,Male,60+,"20,000-49,000",One Day,"$10,000-49,999",No,690-719,Bachelors,"$1,000-79,999",2
442,Female,60+,"50,000-69,999",One Day,"$10,000-49,999",Yes,690-719,High School,"150,000+",2
443,Male,60+,"130,000+",Scalp Trader,"$50,000-99,999",No,300-629,Bachelors,"$1,000-79,999",1
444,Other,18-39,"70,000-89,999",One Day,"$50,000-99,999",No,630-689,Bachelors,"$80,000-149,999",2
445,Other,60+,"110,000-129,999",Position Trader,"$10,000-49,999",Yes,720-850,Masters,"$1,000-79,999",2
446,Female,40-59,"20,000-49,000",One Day,"$150,000+",Yes,690-719,High School,"$1,000-79,999",2
447,Other,18-39,"20,000-49,000",Scalp Trader,"$150,000+",No,720-850,Bachelors,"150,000+",2
448,Male,18-39,"90,000-109,999",Swing Trader,"100,000-149,999",Yes,690-719,Bachelors,"$1,000-79,999",0
449,Male,18-39,"110,000-129,999",Position Trader,"$10,000-49,999",Yes,720-850,Bachelors,"$80,000-149,999",2
450,Male,40-59,"70,000-89,999",One Day,"$10,000-49,999",Yes,630-689,Masters,"$1,000-79,999",0
451,Female,18-39,"130,000+",Swing Trader,"$150,000+",Not sure,690-719,Bachelors,"$80,000-149,999",2
452,Other,18-39,"110,000-129,999",One Day,"100,000-149,999",Not sure,720-850,Bachelors,"$1,000-79,999",1
453,Other,18-39,"50,000-69,999",Position Trader,"$10,000-49,999",No,300-629,High School,"$80,000-149,999",2
454,Female,40-59,"50,000-69,999",Scalp Trader,"$50,000-99,999",Yes,690-719,Masters,"$1,000-79,999",2
455,Female,40-59,"70,000-89,999",Scalp Trader,"$150,000+",Not sure,690-719,PhD,"$80,000-149,999",0
456,Other,60+,"110,000-129,999",One Day,"100,000-149,999",Yes,630-689,PhD,"$1,000-79,999",2
457,Female,18-39,"130,000+",Scalp Trader,"$10,000-49,999",No,690-719,PhD,"$80,000-149,999",0
458,Male,40-59,"130,000+",Scalp Trader,"100,000-149,999",Not sure,300-629,Bachelors,"$1,000-79,999",0
459,Male,18-39,"50,000-69,999",Position Trader,"$10,000-49,999",Not sure,720-850,Bachelors,"$80,000-149,999",2
460,Male,40-59,"70,000-89,999",Position Trader,"$50,000-99,999",Yes,630-689,Masters,"$80,000-149,999",2
461,Other,60+,"90,000-109,999",One Day,"100,000-149,999",No,690-719,Masters,"$80,000-149,999",2
462,Male,60+,"90,000-109,999",One Day,"100,000-149,999",Not sure,630-689,PhD,"$1,000-79,999",0
463,Male,18-39,"70,000-89,999",Swing Trader,"$150,000+",No,630-689,Bachelors,"$1,000-79,999",0
464,Other,18-39,"20,000-49,000",Scalp Trader,"$50,000-99,999",No,720-850,Bachelors,"$80,000-149,999",0
465,Male,18-39,"110,000-129,999",One Day,"100,000-149,999",No,720-850,Masters,"$1,000-79,999",1
466,Other,18-39,"20,000-49,000",Swing Trader,"$10,000-49,999",Not sure,630-689,Bachelors,"150,000+",2
467,Male,18-39,"130,000+",Position Trader,"$50,000-99,999",No,300-629,Bachelors,"$80,000-149,999",1
468,Female,40-59,"130,000+",Intraday Trader,"100,000-149,999",Not sure,690-719,Masters,"$1,000-79,999",0
469,Male,18-39,"110,000-129,999",One Day,"$10,000-49,999",No,300-629,Masters,"$1,000-79,999",0
470,Other,18-39,"70,000-89,999",Scalp Trader,"100,000-149,999",Not sure,690-719,High School,"$1,000-79,999",2
471,Female,40-59,"110,000-129,999",Intraday Trader,"100,000-149,999",No,630-689,Bachelors,"$80,000-149,999",2
472,Female,18-39,"70,000-89,999",One Day,"$150,000+",Not sure,300-629,PhD,"150,000+",2
473,Female,18-39,"110,000-129,999",Intraday Trader,"$150,000+",No,300-629,High School,"150,000+",2
474,Other,40-59,"110,000-129,999",One Day,"$10,000-49,999",Yes,720-850,Bachelors,"150,000+",2
475,Male,18-39,"20,000-49,000",Scalp Trader,"100,000-149,999",Not sure,300-629,Bachelors,"$80,000-149,999",0
476,Female,40-59,"50,000-69,999",Position Trader,"100,000-149,999",Yes,630-689,Masters,"$1,000-79,999",0
477,Other,40-59,"50,000-69,999",Position Trader,"100,000-149,999",Yes,300-629,PhD,"$80,000-149,999",0
478,Male,40-59,"70,000-89,999",One Day,"$150,000+",Not sure,300-629,Masters,"150,000+",0
479,Female,18-39,"90,000-109,999",Scalp Trader,"$50,000-99,999",Not sure,630-689,Bachelors,"$1,000-79,999",2
480,Male,18-39,"20,000-49,000",One Day,"$50,000-99,999",No,300-629,Bachelors,"$1,000-79,999",0
481,Other,18-39,"110,000-129,999",Position Trader,"100,000-149,999",No,690-719,Masters,"$80,000-149,999",2
482,Female,60+,"50,000-69,999",Position Trader,"100,000-149,999",Not sure,300-629,Masters,"$80,000-149,999",0
483,Female,60+,"70,000-89,999",Scalp Trader,"$50,000-99,999",Yes,720-850,Bachelors,"150,000+",0
484,Female,60+,"70,000-89,999",Position Trader,"100,000-149,999",No,720-850,Bachelors,"150,000+",0
485,Female,18-39,"50,000-69,999",Scalp Trader,"$50,000-99,999",Yes,300-629,Masters,"$1,000-79,999",0
486,Male,60+,"70,000-89,999",Swing Trader,"100,000-149,999",No,300-629,Bachelors,"$1,000-79,999",2
487,Male,60+,"20,000-49,000",Swing Trader,"$50,000-99,999",Yes,690-719,Bachelors,"$80,000-149,999",2
488,Female,18-39,"20,000-49,000",Scalp Trader,"$150,000+",Yes,690-719,Bachelors,"$80,000-149,999",2
489,Male,18-39,"90,000-109,999",Swing Trader,"$150,000+",No,690-719,Masters,"$80,000-149,999",0
490,Female,40-59,"90,000-109,999",Position Trader,"$150,000+",No,690-719,High School,"150,000+",2
491,Other,18-39,"20,000-49,000",Position Trader,"$50,000-99,999",No,690-719,Bachelors,"$1,000-79,999",2
492,Female,40-59,"50,000-69,999",Scalp Trader,"$50,000-99,999",No,690-719,PhD,"150,000+",0
493,Male,18-39,"50,000-69,999",Position Trader,"100,000-149,999",No,690-719,High School,"$1,000-79,999",0
494,Female,60+,"130,000+",Swing Trader,"$10,000-49,999",No,300-629,PhD,"$80,000-149,999",2
495,Other,40-59,"20,000-49,000",One Day,"100,000-149,999",Yes,300-629,High School,"$1,000-79,999",0
496,Other,60+,"90,000-109,999",Scalp Trader,"$50,000-99,999",No,690-719,Bachelors,"$80,000-149,999",2
497,Other,40-59,"90,000-109,999",Intraday Trader,"$50,000-99,999",Yes,720-850,Bachelors,"$80,000-149,999",0
498,Other,40-59,"50,000-69,999",One Day,"$50,000-99,999",Yes,300-629,Bachelors,"$80,000-149,999",2
499,Male,60+,"50,000-69,999",Position Trader,"$10,000-49,999",Yes,690-719,Masters,"$1,000-79,999",0
500,Male,18-39,"130,000+",Intraday Trader,"$150,000+",No,690-719,PhD,"$1,000-79,999",2
501,Male,40-59,"90,000-109,999",Position Trader,"$150,000+",Yes,720-850,Bachelors,"150,000+",0
502,Male,40-59,"110,000-129,999",Position Trader,"$50,000-99,999",No,300-629,Bachelors,"150,000+",1
503,Male,40-59,"70,000-89,999",One Day,"100,000-149,999",Yes,690-719,Bachelors,"$80,000-149,999",0
504,Female,18-39,"90,000-109,999",Position Trader,"$150,000+",No,690-719,PhD,"$1,000-79,999",2
505,Female,40-59,"90,000-109,999",Position Trader,"100,000-149,999",Yes,720-850,Bachelors,"$80,000-149,999",0
506,Other,40-59,"20,000-49,000",One Day,"$10,000-49,999",Not sure,690-719,High School,"$1,000-79,999",2
507,Male,60+,"50,000-69,999",Intraday Trader,"$50,000-99,999",No,690-719,Bachelors,"$80,000-149,999",1
508,Female,18-39,"70,000-89,999",One Day,"$150,000+",No,630-689,Masters,"150,000+",2
509,Male,18-39,"20,000-49,000",Position Trader,"$150,000+",Yes,720-850,Bachelors,"150,000+",2
510,Female,18-39,"70,000-89,999",One Day,"$50,000-99,999",No,690-719,Masters,"$80,000-149,999",0
511,Male,40-59,"50,000-69,999",One Day,"$150,000+",Yes,300-629,PhD,"$80,000-149,999",0
512,Male,60+,"130,000+",One Day,"100,000-149,999",Yes,300-629,High School,"$1,000-79,999",2
513,Male,18-39,"50,000-69,999",Swing Trader,"$50,000-99,999",Yes,300-629,High School,"150,000+",0
514,Female,60+,"50,000-69,999",Position Trader,"$50,000-99,999",Yes,300-629,Bachelors,"150,000+",0
515,Female,18-39,"70,000-89,999",One Day,"$50,000-99,999",Yes,630-689,Bachelors,"$1,000-79,999",0
516,Female,18-39,"110,000-129,999",Scalp Trader,"$10,000-49,999",Not sure,630-689,Masters,"$80,000-149,999",0
517,Male,18-39,"20,000-49,000",Scalp Trader,"100,000-149,999",Not sure,690-719,Bachelors,"$1,000-79,999",1
518,Female,60+,"20,000-49,000",Scalp Trader,"$150,000+",No,630-689,PhD,"$80,000-149,999",1
519,Other,60+,"110,000-129,999",Scalp Trader,"100,000-149,999",Yes,690-719,PhD,"$1,000-79,999",1
520,Other,18-39,"110,000-129,999",One Day,"100,000-149,999",Yes,720-850,High School,"$80,000-149,999",2
521,Female,60+,"90,000-109,999",One Day,"$50,000-99,999",Not sure,720-850,Bachelors,"$1,000-79,999",2
522,Other,60+,"130,000+",One Day,"$10,000-49,999",Yes,690-719,PhD,"$1,000-79,999",1
523,Other,40-59,"20,000-49,000",Swing Trader,"$10,000-49,999",No,720-850,High School,"$1,000-79,999",0
524,Female,40-59,"110,000-129,999",One Day,"$50,000-99,999",Not sure,630-689,High School,"$1,000-79,999",1
525,Male,40-59,"130,000+",Position Trader,"$150,000+",No,720-850,Bachelors,"$1,000-79,999",0
526,Male,18-39,"20,000-49,000",Intraday Trader,"$150,000+",No,720-850,PhD,"$80,000-149,999",1
527,Male,18-39,"50,000-69,999",Scalp Trader,"$10,000-49,999",Not sure,300-629,Bachelors,"150,000+",0
528,Female,18-39,"90,000-109,999",One Day,"100,000-149,999",Not sure,690-719,High School,"$1,000-79,999",0
529,Female,18-39,"50,000-69,999",One Day,"$50,000-99,999",Not sure,630-689,Masters,"150,000+",2
530,Other,40-59,"110,000-129,999",Swing Trader,"100,000-149,999",No,690-719,Bachelors,"150,000+",2
531,Male,40-59,"20,000-49,000",Intraday Trader,"100,000-149,999",No,690-719,High School,"$1,000-79,999",2
532,Other,18-39,"20,000-49,000",Swing Trader,"100,000-149,999",No,630-689,High School,"$80,000-149,999",0
533,Female,60+,"110,000-129,999",Scalp Trader,"$50,000-99,999",Yes,720-850,PhD,"$80,000-149,999",0
534,Other,18-39,"130,000+",Scalp Trader,"100,000-149,999",No,630-689,High School,"$80,000-149,999",2
535,Female,18-39,"130,000+",Position Trader,"$10,000-49,999",Yes,690-719,Bachelors,"$1,000-79,999",2
536,Female,18-39,"130,000+",Swing Trader,"$150,000+",Yes,720-850,Masters,"$1,000-79,999",0
537,Female,18-39,"20,000-49,000",One Day,"100,000-149,999",Yes,720-850,High School,"150,000+",2
538,Male,18-39,"20,000-49,000",Intraday Trader,"$10,000-49,999",Yes,720-850,Bachelors,"$80,000-149,999",2
539,Female,60+,"20,000-49,000",One Day,"100,000-149,999",Not sure,690-719,PhD,"150,000+",0
540,Female,18-39,"90,000-109,999",One Day,"$10,000-49,999",Not sure,690-719,High School,"$80,000-149,999",1
541,Female,40-59,"130,000+",Swing Trader,"$10,000-49,999",Not sure,690-719,PhD,"150,000+",0
542,Female,18-39,"90,000-109,999",Intraday Trader,"$50,000-99,999",No,690-719,High School,"$1,000-79,999",2
543,Female,18-39,"110,000-129,999",Scalp Trader,"$150,000+",No,630-689,PhD,"$1,000-79,999",2
544,Male,40-59,"20,000-49,000",One Day,"$150,000+",No,300-629,Bachelors,"$80,000-149,999",2
545,Male,60+,"130,000+",One Day,"100,000-149,999",Yes,720-850,Bachelors,"150,000+",2
546,Female,60+,"20,000-49,000",Intraday Trader,"$50,000-99,999",Not sure,630-689,High School,"$1,000-79,999",2
547,Male,18-39,"20,000-49,000",Scalp Trader,"100,000-149,999",No,630-689,High School,"$1,000-79,999",1
548,Other,18-39,"70,000-89,999",One Day,"$150,000+",Yes,720-850,Bachelors,"$1,000-79,999",2
549,Male,60+,"90,000-109,999",Intraday Trader,"$50,000-99,999",Not sure,690-719,High School,"$1,000-79,999",2
550,Male,60+,"130,000+",Position Trader,"$150,000+",No,720-850,Bachelors,"$1,000-79,999",0
551,Female,60+,"20,000-49,000",Position Trader,"$150,000+",Yes,300-629,Masters,"$1,000-79,999",0
552,Female,40-59,"50,000-69,999",Position Trader,"$150,000+",Yes,630-689,Masters,"$1,000-79,999",1
553,Female,60+,"20,000-49,000",One Day,"$50,000-99,999",Yes,690-719,Bachelors,"$1,000-79,999",0
554,Male,60+,"70,000-89,999",Swing Trader,"$10,000-49,999",Yes,630-689,Bachelors,"$1,000-79,999",0
555,Male,40-59,"50,000-69,999",One Day,"100,000-149,999",Yes,630-689,High School,"$1,000-79,999",2
556,Female,40-59,"90,000-109,999",Scalp Trader,"$10,000-49,999",No,690-719,Bachelors,"$80,000-149,999",0
557,Female,40-59,"50,000-69,999",Swing Trader,"$150,000+",Yes,300-629,Bachelors,"$80,000-149,999",2
558,Female,40-59,"130,000+",Position Trader,"100,000-149,999",Yes,300-629,Bachelors,"$1,000-79,999",0
559,Male,40-59,"110,000-129,999",One Day,"$50,000-99,999",Yes,720-850,High School,"$80,000-149,999",2
560,Male,40-59,"130,000+",Scalp Trader,"100,000-149,999",No,300-629,High School,"$80,000-149,999",0
561,Female,60+,"20,000-49,000",One Day,"$50,000-99,999",Yes,690-719,Masters,"150,000+",2
562,Other,40-59,"90,000-109,999",One Day,"100,000-149,999",Not sure,690-719,PhD,"$1,000-79,999",2
563,Male,60+,"50,000-69,999",Position Trader,"$50,000-99,999",Yes,720-850,Masters,"$1,000-79,999",2
564,Female,18-39,"130,000+",Scalp Trader,"$50,000-99,999",Yes,720-850,Masters,"150,000+",0
565,Female,18-39,"20,000-49,000",Position Trader,"100,000-149,999",Not sure,630-689,Bachelors,"$80,000-149,999",1
566,Female,60+,"20,000-49,000",Scalp Trader,"$150,000+",No,630-689,High School,"150,000+",0
567,Other,60+,"70,000-89,999",One Day,"100,000-149,999",Yes,300-629,Bachelors,"$1,000-79,999",0
568,Female,18-39,"70,000-89,999",One Day,"$10,000-49,999",Yes,630-689,Masters,"150,000+",1
569,Male,40-59,"50,000-69,999",One Day,"$10,000-49,999",No,630-689,PhD,"$1,000-79,999",2
570,Female,60+,"20,000-49,000",Position Trader,"100,000-149,999",Yes,630-689,Masters,"$1,000-79,999",1
571,Other,18-39,"20,000-49,000",Intraday Trader,"$50,000-99,999",Yes,690-719,High School,"$1,000-79,999",2
572,Other,18-39,"50,000-69,999",One Day,"$150,000+",Yes,720-850,Bachelors,"150,000+",1
573,Female,40-59,"130,000+",Swing Trader,"$150,000+",No,300-629,PhD,"$80,000-149,999",0
574,Female,18-39,"50,000-69,999",One Day,"$10,000-49,999",Not sure,720-850,Masters,"$1,000-79,999",2
575,Female,60+,"110,000-129,999",Position Trader,"$50,000-99,999",Yes,720-850,High School,"$80,000-149,999",0
576,Male,40-59,"50,000-69,999",One Day,"100,000-149,999",Not sure,630-689,Masters,"$1,000-79,999",2
577,Female,40-59,"20,000-49,000",Scalp Trader,"$50,000-99,999",No,630-689,PhD,"$80,000-149,999",1
578,Female,18-39,"20,000-49,000",One Day,"$150,000+",No,720-850,Bachelors,"150,000+",2
579,Female,18-39,"20,000-49,000",Scalp Trader,"$50,000-99,999",Yes,300-629,High School,"$1,000-79,999",2
580,Other,40-59,"70,000-89,999",One Day,"$150,000+",No,690-719,Masters,"$1,000-79,999",2
581,Male,40-59,"110,000-129,999",Swing Trader,"$150,000+",Not sure,300-629,High School,"150,000+",2
582,Female,18-39,"110,000-129,999",One Day,"100,000-149,999",No,720-850,Bachelors,"$80,000-149,999",1
583,Male,18-39,"50,000-69,999",Scalp Trader,"$150,000+",No,300-629,High School,"$1,000-79,999",0
584,Female,40-59,"70,000-89,999",Position Trader,"100,000-149,999",No,300-629,PhD,"$80,000-149,999",0
585,Female,18-39,"130,000+",Intraday Trader,"$150,000+",Yes,630-689,PhD,"$80,000-149,999",0
586,Other,60+,"130,000+",One Day,"$150,000+",Yes,720-850,Bachelors,"$80,000-149,999",2
587,Female,60+,"50,000-69,999",Position Trader,"$150,000+",Yes,630-689,Masters,"150,000+",2
588,Male,60+,"20,000-49,000",Scalp Trader,"$50,000-99,999",No,300-629,Bachelors,"150,000+",1
589,Female,60+,"20,000-49,000",Intraday Trader,"$150,000+",Not sure,630-689,Bachelors,"$80,000-149,999",2
590,Male,40-59,"110,000-129,999",Position Trader,"$150,000+",No,630-689,Bachelors,"150,000+",0
591,Female,60+,"50,000-69,999",One Day,"$150,000+",No,630-689,Bachelors,"$80,000-149,999",0
592,Female,18-39,"70,000-89,999",Scalp Trader,"$150,000+",Not sure,300-629,High School,"$1,000-79,999",2
593,Male,18-39,"50,000-69,999",One Day,"$150,000+",Yes,300-629,Bachelors,"$80,000-149,999",1
594,Male,40-59,"130,000+",Scalp Trader,"$50,000-99,999",Yes,720-850,Masters,"$80,000-149,999",2
595,Male,40-59,"90,000-109,999",Scalp Trader,"100,000-149,999",Yes,630-689,PhD,"150,000+",0
596,Male,60+,"90,000-109,999",Position Trader,"$10,000-49,999",Yes,300-629,High School,"$80,000-149,999",2
597,Female,18-39,"50,000-69,999",Position Trader,"$150,000+",No,630-689,Bachelors,"$80,000-149,999",0
598,Male,60+,"90,000-109,999",Intraday Trader,"$50,000-99,999",Not sure,690-719,Masters,"150,000+",0
599,Male,60+,"20,000-49,000",One Day,"$150,000+",No,690-719,High School,"$1,000-79,999",0
600,Female,18-39,"50,000-69,999",One Day,"$50,000-99,999",No,720-850,Bachelors,"$1,000-79,999",2
601,Female,40-59,"50,000-69,999",One Day,"$50,000-99,999",No,720-850,Bachelors,"$1,000-79,999",0
602,Male,40-59,"50,000-69,999",Position Trader,"$150,000+",No,690-719,High School,"$1,000-79,999",0
603,Male,60+,"20,000-49,000",Position Trader,"$150,000+",Yes,720-850,Masters,"$80,000-149,999",2
604,Male,18-39,"90,000-109,999",Swing Trader,"$150,000+",Yes,300-629,High School,"$1,000-79,999",1
605,Other,60+,"110,000-129,999",One Day,"$50,000-99,999",No,630-689,Bachelors,"$80,000-149,999",1
606,Female,18-39,"130,000+",One Day,"$10,000-49,999",No,630-689,Masters,"$1,000-79,999",0
607,Female,60+,"70,000-89,999",Scalp Trader,"$50,000-99,999",Yes,690-719,PhD,"150,000+",0
608,Male,18-39,"90,000-109,999",Swing Trader,"100,000-149,999",Not sure,720-850,Bachelors,"150,000+",0
609,Other,18-39,"50,000-69,999",Position Trader,"$150,000+",Yes,690-719,PhD,"$1,000-79,999",0
610,Female,60+,"20,000-49,000",Scalp Trader,"$150,000+",No,300-629,Bachelors,"$1,000-79,999",2
611,Other,40-59,"20,000-49,000",Position Trader,"$10,000-49,999",No,690-719,PhD,"$1,000-79,999",0
612,Female,40-59,"110,000-129,999",Swing Trader,"$10,000-49,999",Yes,690-719,PhD,"$1,000-79,999",1
613,Female,18-39,"110,000-129,999",One Day,"$50,000-99,999",Yes,690-719,Bachelors,"$1,000-79,999",2
614,Male,40-59,"20,000-49,000",Swing Trader,"100,000-149,999",No,300-629,Bachelors,"$80,000-149,999",0
615,Other,18-39,"70,000-89,999",Position Trader,"100,000-149,999",No,630-689,Bachelors,"150,000+",2
616,Male,18-39,"90,000-109,999",Intraday Trader,"100,000-149,999",Not sure,300-629,High School,"$80,000-149,999",2
617,Male,18-39,"20,000-49,000",One Day,"$150,000+",Yes,630-689,Masters,"$80,000-149,999",0
618,Female,40-59,"110,000-129,999",One Day,"$150,000+",Yes,720-850,Masters,"$1,000-79,999",1
619,Female,40-59,"90,000-109,999",One Day,"$10,000-49,999",No,630-689,Bachelors,"$1,000-79,999",2
620,Male,60+,"90,000-109,999",One Day,"$50,000-99,999",Yes,690-719,Bachelors,"$1,000-79,999",2
621,Female,60+,"110,000-129,999",One Day,"100,000-149,999",Yes,690-719,High School,"$1,000-79,999",2
622,Male,40-59,"130,000+",Swing Trader,"$50,000-99,999",Not sure,630-689,Bachelors,"$1,000-79,999",2
623,Female,40-59,"90,000-109,999",One Day,"$150,000+",Yes,690-719,Bachelors,"$80,000-149,999",2
624,Female,18-39,"130,000+",Intraday Trader,"100,000-149,999",Not sure,300-629,Bachelors,"$1,000-79,999",0
625,Male,60+,"70,000-89,999",Scalp Trader,"$150,000+",No,300-629,Bachelors,"$1,000-79,999",1
626,Female,18-39,"110,000-129,999",One Day,"$50,000-99,999",No,720-850,PhD,"$80,000-149,999",0
627,Female,60+,"130,000+",Intraday Trader,"100,000-149,999",No,630-689,Masters,"$1,000-79,999",0
628,Female,18-39,"110,000-129,999",One Day,"$150,000+",No,300-629,Bachelors,"$1,000-79,999",2
629,Female,40-59,"50,000-69,999",Scalp Trader,"$10,000-49,999",Yes,720-850,Masters,"$1,000-79,999",1
630,Male,40-59,"90,000-109,999",Position Trader,"$50,000-99,999",Yes,300-629,Bachelors,"$1,000-79,999",0
631,Female,18-39,"50,000-69,999",One Day,"$50,000-99,999",No,690-719,Bachelors,"$1,000-79,999",2
632,Other,18-39,"50,000-69,999",Intraday Trader,"$150,000+",Not sure,630-689,Masters,"150,000+",2
633,Female,40-59,"90,000-109,999",Intraday Trader,"100,000-149,999",No,300-629,PhD,"$1,000-79,999",0
634,Female,60+,"20,000-49,000",Scalp Trader,"$150,000+",No,630-689,Bachelors,"$1,000-79,999",0
635,Male,40-59,"70,000-89,999",Swing Trader,"$150,000+",No,720-850,Masters,"$1,000-79,999",0
636,Other,18-39,"130,000+",One Day,"$10,000-49,999",Yes,720-850,Masters,"$1,000-79,999",1
637,Male,60+,"70,000-89,999",Intraday Trader,"$50,000-99,999",No,630-689,Masters,"150,000+",0
638,Female,40-59,"20,000-49,000",Scalp Trader,"100,000-149,999",Not sure,630-689,Bachelors,"$1,000-79,999",2
639,Male,60+,"70,000-89,999",One Day,"$150,000+",No,630-689,High School,"$80,000-149,999",2
640,Male,40-59,"130,000+",Swing Trader,"$150,000+",Yes,720-850,Masters,"$1,000-79,999",2
641,Other,18-39,"130,000+",Scalp Trader,"$50,000-99,999",Yes,720-850,Bachelors,"$1,000-79,999",2
642,Female,18-39,"130,000+",Position Trader,"$150,000+",No,630-689,Masters,"$1,000-79,999",2
643,Female,60+,"20,000-49,000",One Day,"$150,000+",No,690-719,High School,"$1,000-79,999",2
644,Female,40-59,"50,000-69,999",Scalp Trader,"$50,000-99,999",Yes,720-850,Masters,"$80,000-149,999",2
645,Male,60+,"130,000+",One Day,"$50,000-99,999",Not sure,690-719,Bachelors,"$80,000-149,999",1
646,Male,18-39,"20,000-49,000",One Day,"100,000-149,999",Yes,690-719,PhD,"150,000+",0
647,Male,40-59,"70,000-89,999",One Day,"100,000-149,999",No,630-689,High School,"$1,000-79,999",1
648,Female,40-59,"110,000-129,999",Intraday Trader,"$50,000-99,999",No,690-719,Bachelors,"150,000+",1
649,Male,40-59,"20,000-49,000",Position Trader,"$150,000+",Yes,300-629,PhD,"$1,000-79,999",2
650,Female,18-39,"110,000-129,999",One Day,"$50,000-99,999",No,630-689,High School,"$80,000-149,999",1
651,Male,40-59,"70,000-89,999",Scalp Trader,"100,000-149,999",No,630-689,Bachelors,"$1,000-79,999",0
652,Female,18-39,"50,000-69,999",Scalp Trader,"$10,000-49,999",Yes,690-719,Bachelors,"$1,000-79,999",2
653,Male,60+,"130,000+",Position Trader,"100,000-149,999",No,720-850,High School,"$1,000-79,999",2
654,Other,60+,"20,000-49,000",One Day,"$150,000+",No,630-689,Masters,"$1,000-79,999",0
655,Male,18-39,"90,000-109,999",One Day,"$50,000-99,999",Yes,690-719,Masters,"$80,000-149,999",1
656,Female,60+,"110,000-129,999",Intraday Trader,"$150,000+",Yes,720-850,PhD,"$80,000-149,999",2
657,Male,18-39,"90,000-109,999",Scalp Trader,"100,000-149,999",No,690-719,Bachelors,"$1,000-79,999",0
658,Female,40-59,"90,000-109,999",One Day,"100,000-149,999",Not sure,720-850,High School,"$80,000-149,999",2
659,Male,18-39,"20,000-49,000",One Day,"$50,000-99,999",No,300-629,Bachelors,"$1,000-79,999",2
660,Female,40-59,"50,000-69,999",Position Trader,"$150,000+",No,720-850,Masters,"$1,000-79,999",2
661,Female,18-39,"90,000-109,999",Scalp Trader,"$150,000+",Yes,630-689,Bachelors,"150,000+",1
662,Male,18-39,"70,000-89,999",One Day,"100,000-149,999",No,690-719,High School,"$80,000-149,999",2
663,Female,60+,"110,000-129,999",One Day,"$150,000+",Not sure,300-629,High School,"$1,000-79,999",0
664,Male,60+,"130,000+",Swing Trader,"$150,000+",Not sure,690-719,Masters,"$80,000-149,999",2
665,Female,40-59,"50,000-69,999",Intraday Trader,"$50,000-99,999",Yes,720-850,Masters,"$1,000-79,999",2
666,Female,18-39,"130,000+",One Day,"$50,000-99,999",Not sure,690-719,Bachelors,"$1,000-79,999",0
667,Male,60+,"70,000-89,999",One Day,"$50,000-99,999",Not sure,300-629,Masters,"$80,000-149,999",0
668,Other,60+,"130,000+",One Day,"100,000-149,999",No,300-629,High School,"$1,000-79,999",2
669,Male,60+,"90,000-109,999",Swing Trader,"100,000-149,999",Yes,300-629,Masters,"$80,000-149,999",1
670,Other,18-39,"110,000-129,999",One Day,"$150,000+",Not sure,690-719,High School,"$80,000-149,999",2
671,Female,60+,"90,000-109,999",Position Trader,"$150,000+",Yes,690-719,High School,"150,000+",0
672,Female,18-39,"90,000-109,999",Position Trader,"$10,000-49,999",Not sure,300-629,PhD,"$80,000-149,999",1
673,Female,40-59,"50,000-69,999",Position Trader,"100,000-149,999",Yes,300-629,Masters,"$1,000-79,999",1
674,Female,60+,"20,000-49,000",Scalp Trader,"100,000-149,999",Yes,720-850,Masters,"$1,000-79,999",0
675,Other,60+,"70,000-89,999",Position Trader,"100,000-149,999",Yes,630-689,High School,"$1,000-79,999",1
676,Male,18-39,"50,000-69,999",Scalp Trader,"100,000-149,999",No,690-719,High School,"$80,000-149,999",0
677,Male,60+,"20,000-49,000",One Day,"$150,000+",Yes,690-719,Bachelors,"$1,000-79,999",0
678,Other,60+,"50,000-69,999",Scalp Trader,"$50,000-99,999",Yes,690-719,Masters,"$1,000-79,999",0
679,Other,40-59,"20,000-49,000",Position Trader,"$150,000+",No,300-629,High School,"150,000+",2
680,Female,18-39,"130,000+",Scalp Trader,"$50,000-99,999",No,300-629,Bachelors,"$80,000-149,999",1
681,Female,18-39,"20,000-49,000",Swing Trader,"100,000-149,999",Not sure,720-850,Bachelors,"150,000+",2
682,Female,18-39,"20,000-49,000",Position Trader,"$150,000+",Yes,630-689,PhD,"$80,000-149,999",1
683,Female,18-39,"110,000-129,999",One Day,"$150,000+",No,690-719,Masters,"$80,000-149,999",0
684,Female,18-39,"130,000+",Position Trader,"$150,000+",Not sure,690-719,Masters,"$80,000-149,999",2
685,Female,60+,"50,000-69,999",One Day,"$150,000+",Yes,690-719,PhD,"$1,000-79,999",0
686,Female,18-39,"20,000-49,000",One Day,"100,000-149,999",Yes,300-629,Masters,"150,000+",2
687,Female,18-39,"130,000+",Swing Trader,"$150,000+",Not sure,720-850,PhD,"$80,000-149,999",1
688,Female,60+,"110,000-129,999",Position Trader,"$150,000+",Not sure,720-850,Bachelors,"$80,000-149,999",1
689,Female,60+,"50,000-69,999",Swing Trader,"$50,000-99,999",Not sure,690-719,High School,"$1,000-79,999",2
690,Male,40-59,"70,000-89,999",One Day,"$10,000-49,999",No,690-719,Masters,"$1,000-79,999",2
691,Female,60+,"90,000-109,999",Scalp Trader,"$150,000+",Yes,690-719,PhD,"$80,000-149,999",2
692,Other,18-39,"70,000-89,999",Intraday Trader,"$150,000+",No,630-689,Bachelors,"$1,000-79,999",2
693,Male,60+,"130,000+",Scalp Trader,"$50,000-99,999",No,690-719,PhD,"$1,000-79,999",0
694,Male,18-39,"110,000-129,999",One Day,"$10,000-49,999",No,690-719,Masters,"$1,000-79,999",2
695,Male,60+,"130,000+",Scalp Trader,"$150,000+",No,630-689,Bachelors,"$1,000-79,999",0
696,Male,60+,"50,000-69,999",One Day,"$150,000+",Not sure,720-850,High School,"$1,000-79,999",2
697,Other,60+,"130,000+",Swing Trader,"100,000-149,999",Yes,300-629,PhD,"150,000+",0
698,Female,40-59,"70,000-89,999",Intraday Trader,"$150,000+",Yes,630-689,Bachelors,"$80,000-149,999",1
699,Male,60+,"90,000-109,999",One Day,"100,000-149,999",Yes,720-850,Masters,"$80,000-149,999",2
700,Male,18-39,"110,000-129,999",One Day,"$150,000+",Yes,690-719,Masters,"$80,000-149,999",0
701,Male,60+,"130,000+",Scalp Trader,"100,000-149,999",Yes,720-850,Bachelors,"$1,000-79,999",0
702,Female,40-59,"70,000-89,999",Intraday Trader,"$150,000+",Yes,690-719,High School,"$1,000-79,999",1
703,Male,60+,"70,000-89,999",Swing Trader,"$150,000+",Not sure,720-850,Masters,"150,000+",2
704,Female,18-39,"130,000+",One Day,"100,000-149,999",No,720-850,High School,"$1,000-79,999",0
705,Female,60+,"110,000-129,999",One Day,"$150,000+",Yes,300-629,Bachelors,"$1,000-79,999",0
706,Other,40-59,"130,000+",Intraday Trader,"$150,000+",No,690-719,PhD,"$1,000-79,999",0
707,Female,40-59,"130,000+",Position Trader,"$50,000-99,999",No,720-850,PhD,"150,000+",0
708,Male,18-39,"20,000-49,000",Intraday Trader,"100,000-149,999",Yes,630-689,High School,"$1,000-79,999",1
709,Female,18-39,"50,000-69,999",Swing Trader,"$150,000+",Yes,690-719,High School,"$1,000-79,999",2
710,Male,18-39,"110,000-129,999",One Day,"$10,000-49,999",Yes,630-689,Bachelors,"$1,000-79,999",1
711,Female,18-39,"110,000-129,999",Position Trader,"$10,000-49,999",Yes,300-629,High School,"$1,000-79,999",0
712,Male,60+,"90,000-109,999",One Day,"100,000-149,999",Yes,630-689,Bachelors,"$80,000-149,999",2
713,Female,40-59,"130,000+",Position Trader,"$10,000-49,999",No,630-689,Bachelors,"$80,000-149,999",2
714,Other,18-39,"50,000-69,999",Position Trader,"$150,000+",Yes,690-719,Masters,"150,000+",2
715,Female,60+,"50,000-69,999",One Day,"$150,000+",Not sure,720-850,PhD,"$80,000-149,999",0
716,Female,40-59,"70,000-89,999",Swing Trader,"100,000-149,999",No,690-719,Bachelors,"150,000+",1
717,Female,60+,"50,000-69,999",One Day,"$150,000+",No,630-689,Masters,"$80,000-149,999",2
718,Female,40-59,"90,000-109,999",Swing Trader,"$10,000-49,999",Yes,690-719,PhD,"$80,000-149,999",2
719,Male,18-39,"110,000-129,999",Swing Trader,"$150,000+",No,300-629,High School,"$80,000-149,999",2
720,Female,60+,"50,000-69,999",Position Trader,"100,000-149,999",Not sure,630-689,High School,"150,000+",2
721,Other,18-39,"70,000-89,999",Intraday Trader,"$150,000+",Yes,630-689,Bachelors,"$80,000-149,999",2
722,Female,60+,"130,000+",Position Trader,"100,000-149,999",Yes,690-719,High School,"$80,000-149,999",2
723,Female,60+,"50,000-69,999",One Day,"$150,000+",Not sure,690-719,High School,"150,000+",2
724,Female,18-39,"20,000-49,000",Intraday Trader,"100,000-149,999",No,630-689,Bachelors,"150,000+",2
725,Female,18-39,"130,000+",Scalp Trader,"$150,000+",Not sure,630-689,Bachelors,"$80,000-149,999",0
726,Other,40-59,"90,000-109,999",Swing Trader,"$150,000+",Yes,300-629,Masters,"$1,000-79,999",2
727,Male,18-39,"20,000-49,000",Swing Trader,"100,000-149,999",Yes,630-689,PhD,"$1,000-79,999",1
728,Female,60+,"130,000+",Intraday Trader,"100,000-149,999",Not sure,630-689,Masters,"150,000+",0
729,Other,18-39,"70,000-89,999",Swing Trader,"$10,000-49,999",Yes,720-850,PhD,"$80,000-149,999",1
730,Female,18-39,"130,000+",Position Trader,"100,000-149,999",No,300-629,PhD,"150,000+",1
731,Male,60+,"70,000-89,999",Intraday Trader,"$50,000-99,999",Not sure,300-629,Bachelors,"$80,000-149,999",2
732,Other,60+,"20,000-49,000",One Day,"$50,000-99,999",No,630-689,Bachelors,"$1,000-79,999",2
733,Male,40-59,"50,000-69,999",Swing Trader,"$50,000-99,999",No,690-719,PhD,"$80,000-149,999",0
734,Female,60+,"50,000-69,999",One Day,"$150,000+",Yes,300-629,Masters,"150,000+",0
735,Female,18-39,"110,000-129,999",Intraday Trader,"100,000-149,999",No,630-689,High School,"$1,000-79,999",0
736,Other,60+,"20,000-49,000",Position Trader,"100,000-149,999",Not sure,720-850,High School,"$80,000-149,999",1
737,Female,40-59,"70,000-89,999",One Day,"$150,000+",Not sure,690-719,Bachelors,"$80,000-149,999",0
738,Other,18-39,"130,000+",Scalp Trader,"$150,000+",Yes,630-689,High School,"$1,000-79,999",1
739,Male,18-39,"90,000-109,999",Scalp Trader,"100,000-149,999",No,300-629,Masters,"$1,000-79,999",0
740,Other,60+,"20,000-49,000",Position Trader,"100,000-149,999",Not sure,630-689,Masters,"$1,000-79,999",0
741,Male,40-59,"20,000-49,000",Intraday Trader,"100,000-149,999",Yes,630-689,Bachelors,"150,000+",1
742,Male,60+,"110,000-129,999",Intraday Trader,"$10,000-49,999",Not sure,690-719,High School,"$80,000-149,999",0
743,Other,40-59,"130,000+",Scalp Trader,"100,000-149,999",Yes,630-689,Bachelors,"$1,000-79,999",2
744,Male,60+,"110,000-129,999",One Day,"100,000-149,999",Not sure,690-719,Masters,"$1,000-79,999",0
745,Other,18-39,"110,000-129,999",One Day,"$50,000-99,999",Yes,630-689,High School,"150,000+",1
746,Other,60+,"110,000-129,999",One Day,"$150,000+",No,630-689,Bachelors,"150,000+",0
747,Female,60+,"110,000-129,999",One Day,"$150,000+",Yes,720-850,PhD,"$80,000-149,999",0
748,Male,40-59,"20,000-49,000",Position Trader,"$150,000+",No,630-689,Masters,"$80,000-149,999",0
749,Other,60+,"50,000-69,999",Position Trader,"100,000-149,999",Yes,690-719,Bachelors,"$1,000-79,999",2
750,Female,18-39,"110,000-129,999",Position Trader,"100,000-149,999",No,690-719,Bachelors,"$80,000-149,999",2
751,Male,40-59,"130,000+",One Day,"100,000-149,999",Yes,630-689,Masters,"150,000+",0
752,Other,18-39,"110,000-129,999",Swing Trader,"$50,000-99,999",Yes,690-719,PhD,"150,000+",0
753,Other,40-59,"20,000-49,000",Intraday Trader,"100,000-149,999",No,720-850,Bachelors,"$1,000-79,999",2
754,Female,18-39,"130,000+",Scalp Trader,"$150,000+",Not sure,300-629,High School,"$80,000-149,999",2
755,Other,60+,"130,000+",Swing Trader,"$150,000+",No,630-689,PhD,"$80,000-149,999",0
756,Female,18-39,"20,000-49,000",Position Trader,"$50,000-99,999",Yes,690-719,Bachelors,"$80,000-149,999",2
757,Female,18-39,"50,000-69,999",One Day,"$150,000+",No,720-850,Masters,"150,000+",0
758,Female,18-39,"50,000-69,999",One Day,"$150,000+",No,690-719,Masters,"$1,000-79,999",2
759,Female,18-39,"110,000-129,999",Position Trader,"$150,000+",No,300-629,Masters,"$80,000-149,999",2
760,Male,18-39,"130,000+",One Day,"$50,000-99,999",No,630-689,Masters,"$80,000-149,999",0
761,Other,60+,"90,000-109,999",Position Trader,"100,000-149,999",Yes,690-719,Bachelors,"$1,000-79,999",2
762,Male,18-39,"50,000-69,999",Intraday Trader,"$150,000+",No,690-719,PhD,"$80,000-149,999",2
763,Male,40-59,"70,000-89,999",Position Trader,"$10,000-49,999",No,690-719,High School,"$80,000-149,999",2
764,Male,40-59,"20,000-49,000",Scalp Trader,"$150,000+",Yes,300-629,Masters,"$80,000-149,999",1
765,Male,18-39,"130,000+",One Day,"$50,000-99,999",Not sure,690-719,Bachelors,"$1,000-79,999",0
766,Female,18-39,"110,000-129,999",Position Trader,"$150,000+",No,690-719,Bachelors,"$1,000-79,999",0
767,Female,18-39,"90,000-109,999",Swing Trader,"$150,000+",Not sure,690-719,Bachelors,"$1,000-79,999",1
768,Female,18-39,"70,000-89,999",Position Trader,"$150,000+",No,630-689,Bachelors,"$80,000-149,999",0
769,Female,60+,"20,000-49,000",One Day,"$150,000+",No,720-850,Masters,"$1,000-79,999",2
770,Female,40-59,"50,000-69,999",Swing Trader,"$150,000+",No,630-689,Bachelors,"150,000+",0
771,Female,40-59,"20,000-49,000",Intraday Trader,"$50,000-99,999",No,720-850,Bachelors,"$1,000-79,999",0
772,Female,60+,"110,000-129,999",One Day,"$150,000+",Not sure,300-629,Masters,"150,000+",0
773,Female,18-39,"90,000-109,999",One Day,"100,000-149,999",No,720-850,PhD,"$80,000-149,999",0
774,Female,60+,"50,000-69,999",One Day,"$50,000-99,999",No,720-850,High School,"$1,000-79,999",0
775,Male,60+,"50,000-69,999",Scalp Trader,"$150,000+",Yes,690-719,Bachelors,"$1,000-79,999",2
776,Male,40-59,"50,000-69,999",Scalp Trader,"$150,000+",Yes,720-850,Masters,"$1,000-79,999",2
777,Male,18-39,"50,000-69,999",Scalp Trader,"$150,000+",Yes,630-689,Bachelors,"$80,000-149,999",2
778,Female,40-59,"70,000-89,999",Swing Trader,"$50,000-99,999",Yes,630-689,Masters,"$80,000-149,999",2
779,Male,40-59,"50,000-69,999",Intraday Trader,"100,000-149,999",No,630-689,Masters,"$1,000-79,999",1
780,Female,60+,"110,000-129,999",Scalp Trader,"$150,000+",Yes,720-850,Masters,"$1,000-79,999",2
781,Other,60+,"20,000-49,000",Scalp Trader,"100,000-149,999",No,720-850,Masters,"$80,000-149,999",2
782,Male,40-59,"50,000-69,999",Scalp Trader,"$50,000-99,999",Yes,720-850,PhD,"$1,000-79,999",1
783,Other,40-59,"110,000-129,999",Position Trader,"$150,000+",Not sure,630-689,Bachelors,"$80,000-149,999",1
784,Female,60+,"130,000+",Swing Trader,"$150,000+",Yes,300-629,Bachelors,"$80,000-149,999",2
785,Female,60+,"130,000+",One Day,"100,000-149,999",Yes,720-850,High School,"$80,000-149,999",0
786,Other,40-59,"50,000-69,999",Position Trader,"100,000-149,999",Not sure,690-719,Bachelors,"$1,000-79,999",2
787,Female,60+,"50,000-69,999",Position Trader,"$150,000+",No,690-719,Bachelors,"$1,000-79,999",0
788,Male,18-39,"50,000-69,999",Position Trader,"$150,000+",Not sure,690-719,Masters,"$1,000-79,999",0
789,Female,60+,"130,000+",Swing Trader,"$150,000+",Yes,300-629,High School,"150,000+",0
790,Female,60+,"50,000-69,999",Position Trader,"100,000-149,999",No,720-850,Masters,"150,000+",0
791,Female,40-59,"110,000-129,999",One Day,"$150,000+",No,720-850,Masters,"$80,000-149,999",1
792,Male,60+,"50,000-69,999",Position Trader,"$50,000-99,999",Yes,720-850,PhD,"$80,000-149,999",2
793,Female,60+,"20,000-49,000",One Day,"100,000-149,999",No,630-689,Masters,"$80,000-149,999",0
794,Male,60+,"110,000-129,999",Intraday Trader,"$50,000-99,999",Not sure,720-850,Masters,"150,000+",1
795,Other,18-39,"110,000-129,999",One Day,"$10,000-49,999",Yes,300-629,High School,"$80,000-149,999",2
796,Male,40-59,"20,000-49,000",One Day,"$10,000-49,999",No,720-850,Bachelors,"$1,000-79,999",2
797,Female,60+,"50,000-69,999",Intraday Trader,"$150,000+",Yes,300-629,Masters,"$1,000-79,999",2
798,Female,60+,"130,000+",Intraday Trader,"$50,000-99,999",Yes,630-689,Bachelors,"150,000+",0
799,Other,40-59,"20,000-49,000",Scalp Trader,"100,000-149,999",Not sure,720-850,Bachelors,"$1,000-79,999",0
800,Other,60+,"20,000-49,000",Swing Trader,"$50,000-99,999",Yes,690-719,Bachelors,"$80,000-149,999",2
801,Male,18-39,"90,000-109,999",Intraday Trader,"100,000-149,999",Not sure,690-719,Bachelors,"$80,000-149,999",0
802,Female,18-39,"130,000+",Scalp Trader,"$10,000-49,999",Yes,630-689,Bachelors,"$80,000-149,999",2
803,Other,60+,"20,000-49,000",Position Trader,"$50,000-99,999",Not sure,630-689,Masters,"$1,000-79,999",2
804,Female,60+,"90,000-109,999",Intraday Trader,"100,000-149,999",Not sure,690-719,PhD,"$1,000-79,999",2
805,Other,60+,"110,000-129,999",Scalp Trader,"$150,000+",Yes,630-689,Bachelors,"$1,000-79,999",2
806,Male,18-39,"20,000-49,000",Swing Trader,"$150,000+",Yes,690-719,Bachelors,"$1,000-79,999",0
807,Female,18-39,"20,000-49,000",Swing Trader,"100,000-149,999",Yes,690-719,Masters,"$1,000-79,999",2
808,Female,18-39,"130,000+",Swing Trader,"$150,000+",Yes,720-850,High School,"150,000+",2
809,Male,18-39,"20,000-49,000",One Day,"$10,000-49,999",No,690-719,PhD,"$1,000-79,999",2
810,Male,60+,"50,000-69,999",Swing Trader,"$10,000-49,999",No,690-719,Bachelors,"$1,000-79,999",2
811,Female,60+,"110,000-129,999",Swing Trader,"100,000-149,999",Not sure,300-629,Bachelors,"150,000+",0
812,Other,40-59,"50,000-69,999",Intraday Trader,"$150,000+",Yes,300-629,Masters,"$80,000-149,999",2
813,Male,18-39,"20,000-49,000",Intraday Trader,"$50,000-99,999",Yes,720-850,Bachelors,"150,000+",2
814,Female,40-59,"90,000-109,999",Intraday Trader,"$150,000+",Not sure,720-850,PhD,"$80,000-149,999",2
815,Male,40-59,"50,000-69,999",Swing Trader,"$50,000-99,999",No,630-689,PhD,"$1,000-79,999",2
816,Male,40-59,"20,000-49,000",Scalp Trader,"$10,000-49,999",No,300-629,PhD,"$80,000-149,999",2
817,Male,40-59,"130,000+",Position Trader,"100,000-149,999",Yes,300-629,Bachelors,"$1,000-79,999",0
818,Female,18-39,"20,000-49,000",One Day,"$10,000-49,999",No,720-850,High School,"$80,000-149,999",1
819,Female,60+,"110,000-129,999",Intraday Trader,"$150,000+",No,720-850,Masters,"$80,000-149,999",1
820,Female,18-39,"130,000+",One Day,"$150,000+",No,720-850,PhD,"$1,000-79,999",2
821,Male,40-59,"130,000+",Scalp Trader,"$150,000+",No,720-850,PhD,"$80,000-149,999",2
822,Female,60+,"20,000-49,000",One Day,"$150,000+",Yes,300-629,Masters,"150,000+",2
823,Male,18-39,"50,000-69,999",One Day,"100,000-149,999",No,720-850,Bachelors,"$80,000-149,999",0
824,Female,60+,"20,000-49,000",Scalp Trader,"$10,000-49,999",Yes,690-719,Bachelors,"$1,000-79,999",0
825,Female,18-39,"130,000+",Position Trader,"100,000-149,999",No,630-689,Bachelors,"$80,000-149,999",2
826,Female,40-59,"130,000+",Swing Trader,"$10,000-49,999",Yes,690-719,Bachelors,"$1,000-79,999",0
827,Male,40-59,"90,000-109,999",Scalp Trader,"$150,000+",Not sure,720-850,Masters,"$80,000-149,999",0
828,Female,18-39,"20,000-49,000",Swing Trader,"100,000-149,999",Yes,300-629,High School,"$1,000-79,999",1
829,Female,60+,"20,000-49,000",Intraday Trader,"$50,000-99,999",Yes,630-689,Masters,"$1,000-79,999",0
830,Female,40-59,"90,000-109,999",Intraday Trader,"$150,000+",No,300-629,Bachelors,"150,000+",2
831,Female,18-39,"50,000-69,999",Intraday Trader,"$50,000-99,999",Yes,690-719,Bachelors,"$80,000-149,999",1
832,Male,60+,"50,000-69,999",One Day,"$150,000+",No,630-689,Masters,"$80,000-149,999",0
833,Male,18-39,"20,000-49,000",Swing Trader,"$150,000+",No,300-629,High School,"$80,000-149,999",2
834,Female,40-59,"20,000-49,000",Scalp Trader,"$10,000-49,999",Yes,690-719,Bachelors,"150,000+",0
835,Other,18-39,"70,000-89,999",Intraday Trader,"100,000-149,999",No,720-850,High School,"$1,000-79,999",0
836,Male,40-59,"90,000-109,999",Scalp Trader,"$10,000-49,999",No,690-719,Masters,"$1,000-79,999",0
837,Female,18-39,"90,000-109,999",Scalp Trader,"100,000-149,999",No,300-629,High School,"$1,000-79,999",1
838,Female,40-59,"130,000+",Intraday Trader,"$50,000-99,999",No,300-629,Bachelors,"$80,000-149,999",2
839,Female,60+,"20,000-49,000",Swing Trader,"100,000-149,999",Not sure,690-719,PhD,"$1,000-79,999",2
840,Male,40-59,"110,000-129,999",Position Trader,"$10,000-49,999",No,300-629,Masters,"150,000+",0
841,Male,40-59,"110,000-129,999",Position Trader,"$150,000+",Yes,690-719,Masters,"150,000+",0
842,Male,60+,"90,000-109,999",Position Trader,"100,000-149,999",No,630-689,PhD,"$1,000-79,999",2
843,Other,60+,"70,000-89,999",Intraday Trader,"$150,000+",Yes,690-719,Bachelors,"$1,000-79,999",2
844,Other,40-59,"130,000+",Position Trader,"$50,000-99,999",No,690-719,Masters,"$1,000-79,999",1
845,Female,40-59,"130,000+",Intraday Trader,"$50,000-99,999",No,720-850,High School,"$1,000-79,999",0
846,Female,40-59,"20,000-49,000",Scalp Trader,"$150,000+",Yes,630-689,PhD,"150,000+",0
847,Male,60+,"130,000+",Swing Trader,"$150,000+",Yes,720-850,Bachelors,"$80,000-149,999",2
848,Female,40-59,"20,000-49,000",Position Trader,"100,000-149,999",Yes,630-689,High School,"$1,000-79,999",2
849,Male,18-39,"90,000-109,999",Intraday Trader,"$150,000+",Not sure,300-629,High School,"$80,000-149,999",0
850,Other,40-59,"90,000-109,999",Position Trader,"100,000-149,999",Not sure,630-689,Masters,"$1,000-79,999",0
851,Female,60+,"130,000+",Scalp Trader,"$10,000-49,999",Yes,720-850,PhD,"$1,000-79,999",2
852,Female,18-39,"70,000-89,999",Position Trader,"100,000-149,999",Yes,300-629,High School,"$1,000-79,999",2
853,Male,60+,"20,000-49,000",Swing Trader,"$50,000-99,999",No,300-629,Bachelors,"$80,000-149,999",0
854,Female,60+,"90,000-109,999",One Day,"$150,000+",No,690-719,PhD,"$80,000-149,999",2
855,Other,40-59,"20,000-49,000",Swing Trader,"$50,000-99,999",Yes,630-689,PhD,"150,000+",2
856,Other,18-39,"70,000-89,999",One Day,"$50,000-99,999",No,690-719,PhD,"$1,000-79,999",2
857,Female,18-39,"130,000+",Scalp Trader,"$150,000+",Not sure,720-850,Bachelors,"$1,000-79,999",0
858,Male,60+,"130,000+",Scalp Trader,"$150,000+",No,300-629,Masters,"$1,000-79,999",2
859,Female,18-39,"20,000-49,000",Swing Trader,"$50,000-99,999",No,630-689,Bachelors,"$1,000-79,999",2
860,Female,18-39,"110,000-129,999",One Day,"100,000-149,999",Not sure,630-689,High School,"$80,000-149,999",2
861,Female,40-59,"130,000+",Intraday Trader,"$10,000-49,999",Yes,300-629,Masters,"$80,000-149,999",2
862,Female,18-39,"130,000+",Position Trader,"$50,000-99,999",Not sure,690-719,Bachelors,"150,000+",0
863,Female,60+,"50,000-69,999",Intraday Trader,"$150,000+",Yes,630-689,Masters,"150,000+",2
864,Other,18-39,"70,000-89,999",One Day,"100,000-149,999",Not sure,720-850,PhD,"$1,000-79,999",0
865,Female,40-59,"130,000+",One Day,"$150,000+",No,300-629,Bachelors,"150,000+",2
866,Female,40-59,"110,000-129,999",One Day,"100,000-149,999",Not sure,720-850,Bachelors,"$80,000-149,999",1
867,Other,18-39,"90,000-109,999",Scalp Trader,"$150,000+",No,690-719,Bachelors,"150,000+",2
868,Male,40-59,"110,000-129,999",One Day,"100,000-149,999",Yes,720-850,High School,"$1,000-79,999",1
869,Other,40-59,"50,000-69,999",Intraday Trader,"100,000-149,999",No,300-629,Masters,"$1,000-79,999",2
870,Male,60+,"20,000-49,000",Position Trader,"$50,000-99,999",Not sure,630-689,PhD,"150,000+",1
871,Male,40-59,"110,000-129,999",Position Trader,"100,000-149,999",No,690-719,Bachelors,"$1,000-79,999",1
872,Female,40-59,"50,000-69,999",One Day,"$50,000-99,999",Yes,630-689,Masters,"$80,000-149,999",2
873,Male,40-59,"70,000-89,999",Position Trader,"100,000-149,999",Not sure,630-689,High School,"$80,000-149,999",1
874,Female,40-59,"90,000-109,999",One Day,"$10,000-49,999",Yes,300-629,High School,"$1,000-79,999",1
875,Male,40-59,"110,000-129,999",One Day,"$50,000-99,999",Yes,690-719,Masters,"$80,000-149,999",2
876,Male,40-59,"50,000-69,999",Intraday Trader,"$150,000+",No,720-850,Masters,"$1,000-79,999",1
877,Male,18-39,"130,000+",Intraday Trader,"$10,000-49,999",Not sure,300-629,Masters,"$1,000-79,999",2
878,Female,60+,"70,000-89,999",One Day,"$50,000-99,999",Yes,720-850,Masters,"$80,000-149,999",2
879,Female,40-59,"90,000-109,999",Scalp Trader,"$150,000+",Not sure,720-850,Masters,"$80,000-149,999",2
880,Female,60+,"130,000+",Intraday Trader,"$10,000-49,999",Yes,630-689,Masters,"150,000+",2
881,Male,18-39,"90,000-109,999",Position Trader,"$50,000-99,999",No,690-719,High School,"150,000+",2
882,Female,40-59,"50,000-69,999",Position Trader,"$10,000-49,999",Yes,630-689,High School,"$1,000-79,999",2
883,Male,60+,"90,000-109,999",Scalp Trader,"$150,000+",Not sure,690-719,Bachelors,"$1,000-79,999",0
884,Female,40-59,"90,000-109,999",Scalp Trader,"$10,000-49,999",Yes,630-689,PhD,"$1,000-79,999",0
885,Female,60+,"70,000-89,999",Position Trader,"$50,000-99,999",Yes,690-719,Masters,"$80,000-149,999",1
886,Female,40-59,"110,000-129,999",Position Trader,"100,000-149,999",No,720-850,Masters,"150,000+",2
887,Male,40-59,"130,000+",Position Trader,"$150,000+",Yes,690-719,Bachelors,"$1,000-79,999",0
888,Female,60+,"70,000-89,999",Scalp Trader,"$50,000-99,999",Not sure,690-719,Bachelors,"$1,000-79,999",2
889,Female,18-39,"20,000-49,000",One Day,"$50,000-99,999",No,720-850,Masters,"150,000+",2
890,Male,60+,"90,000-109,999",Scalp Trader,"$50,000-99,999",Not sure,720-850,Bachelors,"$1,000-79,999",2
891,Female,60+,"50,000-69,999",Scalp Trader,"100,000-149,999",No,720-850,PhD,"150,000+",0
892,Female,18-39,"20,000-49,000",Scalp Trader,"$150,000+",No,720-850,PhD,"150,000+",2
893,Female,18-39,"110,000-129,999",Scalp Trader,"$50,000-99,999",No,630-689,High School,"$80,000-149,999",2
894,Other,18-39,"50,000-69,999",Scalp Trader,"$50,000-99,999",Yes,630-689,High School,"$80,000-149,999",2
895,Female,60+,"110,000-129,999",Swing Trader,"$150,000+",No,630-689,Bachelors,"$1,000-79,999",0
896,Female,18-39,"70,000-89,999",Position Trader,"$50,000-99,999",Not sure,300-629,Bachelors,"$80,000-149,999",2
897,Female,60+,"50,000-69,999",Scalp Trader,"$50,000-99,999",Yes,300-629,Bachelors,"$1,000-79,999",1
898,Other,18-39,"50,000-69,999",Scalp Trader,"$150,000+",No,630-689,PhD,"$80,000-149,999",1
899,Female,60+,"20,000-49,000",Intraday Trader,"100,000-149,999",Yes,720-850,Bachelors,"$80,000-149,999",0
900,Male,18-39,"90,000-109,999",Intraday Trader,"$150,000+",No,300-629,PhD,"$1,000-79,999",1
901,Other,40-59,"130,000+",Position Trader,"$10,000-49,999",Yes,630-689,Bachelors,"$1,000-79,999",2
902,Male,60+,"20,000-49,000",Position Trader,"$10,000-49,999",No,630-689,Masters,"$1,000-79,999",2
903,Other,40-59,"20,000-49,000",Scalp Trader,"$150,000+",Yes,690-719,High School,"$80,000-149,999",0
904,Female,40-59,"90,000-109,999",One Day,"100,000-149,999",Not sure,690-719,Masters,"$1,000-79,999",2
905,Female,40-59,"110,000-129,999",Scalp Trader,"$150,000+",No,720-850,Masters,"$80,000-149,999",2
906,Other,40-59,"110,000-129,999",One Day,"100,000-149,999",No,690-719,Masters,"$80,000-149,999",1
907,Male,40-59,"50,000-69,999",Position Trader,"100,000-149,999",No,720-850,Bachelors,"$1,000-79,999",2
908,Female,18-39,"20,000-49,000",Position Trader,"$50,000-99,999",Yes,690-719,PhD,"150,000+",0
909,Male,18-39,"70,000-89,999",Swing Trader,"100,000-149,999",Not sure,690-719,PhD,"$80,000-149,999",0
910,Female,18-39,"50,000-69,999",Intraday Trader,"$150,000+",Not sure,720-850,Bachelors,"$80,000-149,999",2
911,Male,18-39,"20,000-49,000",Position Trader,"$150,000+",Yes,300-629,Masters,"150,000+",2
912,Female,40-59,"110,000-129,999",Position Trader,"$10,000-49,999",No,630-689,PhD,"150,000+",0
913,Other,60+,"130,000+",Swing Trader,"$10,000-49,999",No,630-689,PhD,"$1,000-79,999",2
914,Other,18-39,"70,000-89,999",One Day,"100,000-149,999",No,690-719,Bachelors,"$80,000-149,999",2
915,Female,18-39,"50,000-69,999",Swing Trader,"$50,000-99,999",No,690-719,High School,"$80,000-149,999",2
916,Female,40-59,"90,000-109,999",One Day,"100,000-149,999",Not sure,630-689,PhD,"$1,000-79,999",0
917,Female,40-59,"130,000+",Position Trader,"100,000-149,999",Not sure,690-719,Bachelors,"$1,000-79,999",2
918,Female,40-59,"110,000-129,999",Position Trader,"100,000-149,999",No,720-850,High School,"150,000+",2
919,Female,60+,"110,000-129,999",Scalp Trader,"$150,000+",Not sure,690-719,Bachelors,"150,000+",2
920,Male,60+,"70,000-89,999",Position Trader,"$50,000-99,999",Yes,690-719,PhD,"$1,000-79,999",1
921,Female,60+,"110,000-129,999",One Day,"$150,000+",Yes,690-719,Bachelors,"150,000+",0
922,Male,40-59,"50,000-69,999",Scalp Trader,"$10,000-49,999",No,690-719,High School,"$1,000-79,999",0
923,Female,40-59,"50,000-69,999",Position Trader,"$50,000-99,999",Yes,300-629,Masters,"$80,000-149,999",0
924,Female,40-59,"110,000-129,999",One Day,"$150,000+",No,720-850,High School,"$1,000-79,999",2
925,Female,18-39,"130,000+",One Day,"$150,000+",No,720-850,Masters,"150,000+",1
926,Other,60+,"50,000-69,999",One Day,"$150,000+",Yes,300-629,Bachelors,"$80,000-149,999",1
927,Female,18-39,"50,000-69,999",Scalp Trader,"$150,000+",No,630-689,PhD,"$1,000-79,999",0
928,Female,60+,"20,000-49,000",Intraday Trader,"100,000-149,999",Yes,690-719,Bachelors,"$80,000-149,999",2
929,Male,60+,"70,000-89,999",Intraday Trader,"$150,000+",Yes,690-719,High School,"150,000+",2
930,Male,60+,"50,000-69,999",Scalp Trader,"$50,000-99,999",Not sure,630-689,Masters,"$1,000-79,999",2
931,Female,18-39,"90,000-109,999",One Day,"$10,000-49,999",No,720-850,PhD,"$1,000-79,999",0
932,Male,18-39,"110,000-129,999",Position Trader,"100,000-149,999",Yes,690-719,Masters,"$1,000-79,999",2
933,Male,40-59,"20,000-49,000",One Day,"$50,000-99,999",Yes,300-629,Masters,"$80,000-149,999",0
934,Female,60+,"20,000-49,000",Scalp Trader,"100,000-149,999",Yes,690-719,Masters,"150,000+",2
935,Other,40-59,"130,000+",One Day,"100,000-149,999",No,630-689,PhD,"$1,000-79,999",0
936,Male,60+,"70,000-89,999",Scalp Trader,"100,000-149,999",No,300-629,PhD,"$1,000-79,999",2
937,Female,18-39,"90,000-109,999",Intraday Trader,"100,000-149,999",Yes,630-689,High School,"$1,000-79,999",0
938,Female,40-59,"130,000+",Position Trader,"$150,000+",Yes,300-629,Bachelors,"$80,000-149,999",2
939,Female,60+,"110,000-129,999",One Day,"$50,000-99,999",Not sure,300-629,High School,"$80,000-149,999",1
940,Male,40-59,"50,000-69,999",Swing Trader,"$150,000+",Not sure,690-719,Masters,"$80,000-149,999",1
941,Male,18-39,"20,000-49,000",Scalp Trader,"$150,000+",Yes,720-850,Bachelors,"$1,000-79,999",2
942,Female,40-59,"90,000-109,999",One Day,"$10,000-49,999",Yes,720-850,High School,"150,000+",2
943,Female,18-39,"50,000-69,999",One Day,"$150,000+",Not sure,300-629,PhD,"$1,000-79,999",0
944,Male,40-59,"20,000-49,000",Scalp Trader,"100,000-149,999",Yes,720-850,Bachelors,"$80,000-149,999",0
945,Female,18-39,"110,000-129,999",Position Trader,"$50,000-99,999",No,630-689,PhD,"150,000+",0
946,Male,18-39,"70,000-89,999",One Day,"$10,000-49,999",Yes,630-689,High School,"150,000+",1
947,Male,40-59,"90,000-109,999",Intraday Trader,"$50,000-99,999",No,630-689,High School,"150,000+",0
948,Male,40-59,"110,000-129,999",Position Trader,"$150,000+",Yes,690-719,PhD,"$1,000-79,999",1
949,Female,60+,"130,000+",Position Trader,"$150,000+",Yes,690-719,PhD,"150,000+",2
950,Female,18-39,"90,000-109,999",Scalp Trader,"$50,000-99,999",Yes,690-719,High School,"$1,000-79,999",0
951,Female,60+,"50,000-69,999",Intraday Trader,"$50,000-99,999",Yes,300-629,Masters,"$80,000-149,999",0
952,Male,60+,"20,000-49,000",One Day,"$50,000-99,999",Yes,630-689,Masters,"$1,000-79,999",0
953,Male,40-59,"20,000-49,000",Swing Trader,"$150,000+",No,690-719,Bachelors,"$80,000-149,999",2
954,Male,18-39,"50,000-69,999",One Day,"$150,000+",No,720-850,Bachelors,"$80,000-149,999",0
955,Male,18-39,"110,000-129,999",Position Trader,"$150,000+",Yes,630-689,Bachelors,"$1,000-79,999",2
956,Female,40-59,"110,000-129,999",One Day,"$150,000+",Not sure,720-850,High School,"$1,000-79,999",2
957,Female,40-59,"50,000-69,999",One Day,"$150,000+",No,630-689,Bachelors,"$1,000-79,999",2
958,Male,40-59,"20,000-49,000",Swing Trader,"$150,000+",No,720-850,Masters,"$1,000-79,999",0
959,Female,40-59,"50,000-69,999",Intraday Trader,"100,000-149,999",No,630-689,PhD,"$1,000-79,999",2
960,Other,60+,"90,000-109,999",Intraday Trader,"$50,000-99,999",Yes,630-689,High School,"$80,000-149,999",0
961,Other,60+,"110,000-129,999",Scalp Trader,"100,000-149,999",No,690-719,Masters,"$80,000-149,999",2
962,Female,60+,"90,000-109,999",One Day,"$10,000-49,999",No,690-719,Bachelors,"$1,000-79,999",0
963,Other,60+,"50,000-69,999",Scalp Trader,"$150,000+",Yes,630-689,Masters,"$1,000-79,999",1
964,Male,40-59,"90,000-109,999",One Day,"$150,000+",No,690-719,Masters,"150,000+",2
965,Male,60+,"50,000-69,999",One Day,"$150,000+",Not sure,690-719,PhD,"$1,000-79,999",0
966,Female,40-59,"110,000-129,999",One Day,"$50,000-99,999",Not sure,300-629,Masters,"$80,000-149,999",1
967,Male,40-59,"130,000+",One Day,"$150,000+",Yes,690-719,Bachelors,"150,000+",1
968,Other,18-39,"90,000-109,999",Scalp Trader,"$150,000+",No,720-850,PhD,"$80,000-149,999",1
969,Female,40-59,"90,000-109,999",Scalp Trader,"$150,000+",No,720-850,PhD,"$1,000-79,999",0
970,Female,18-39,"50,000-69,999",Swing Trader,"$10,000-49,999",No,630-689,High School,"$1,000-79,999",0
971,Other,18-39,"130,000+",Scalp Trader,"$50,000-99,999",No,690-719,PhD,"150,000+",1
972,Female,18-39,"130,000+",Scalp Trader,"$10,000-49,999",No,720-850,High School,"150,000+",0
973,Other,40-59,"110,000-129,999",One Day,"$150,000+",Yes,300-629,Bachelors,"$80,000-149,999",1
974,Male,18-39,"90,000-109,999",One Day,"100,000-149,999",Yes,300-629,PhD,"$1,000-79,999",2
975,Male,18-39,"20,000-49,000",Swing Trader,"100,000-149,999",Yes,720-850,Masters,"$80,000-149,999",1
976,Male,18-39,"50,000-69,999",Swing Trader,"100,000-149,999",No,630-689,Masters,"$1,000-79,999",0
977,Female,18-39,"70,000-89,999",One Day,"100,000-149,999",Yes,690-719,Bachelors,"$80,000-149,999",0
978,Male,60+,"50,000-69,999",Scalp Trader,"100,000-149,999",Yes,690-719,Bachelors,"$80,000-149,999",0
979,Female,40-59,"70,000-89,999",Swing Trader,"$150,000+",Not sure,630-689,PhD,"$80,000-149,999",2
980,Male,18-39,"90,000-109,999",Scalp Trader,"$150,000+",No,630-689,PhD,"$80,000-149,999",1
981,Male,40-59,"50,000-69,999",Intraday Trader,"$150,000+",Not sure,720-850,PhD,"$1,000-79,999",0
982,Other,60+,"50,000-69,999",Position Trader,"$50,000-99,999",No,690-719,Bachelors,"$80,000-149,999",0
983,Male,60+,"20,000-49,000",Swing Trader,"$150,000+",Not sure,690-719,Bachelors,"$1,000-79,999",2
984,Female,18-39,"50,000-69,999",One Day,"$10,000-49,999",Yes,720-850,Masters,"$1,000-79,999",2
985,Female,18-39,"70,000-89,999",One Day,"$150,000+",Not sure,630-689,Masters,"$80,000-149,999",1
986,Female,60+,"70,000-89,999",Intraday Trader,"$150,000+",Yes,630-689,Bachelors,"150,000+",0
987,Male,18-39,"130,000+",One Day,"$150,000+",Not sure,300-629,Bachelors,"150,000+",2
988,Other,18-39,"130,000+",Position Trader,"100,000-149,999",Not sure,630-689,PhD,"$1,000-79,999",2
989,Other,18-39,"70,000-89,999",Position Trader,"100,000-149,999",Not sure,630-689,Masters,"150,000+",2
990,Other,60+,"130,000+",One Day,"$50,000-99,999",No,300-629,PhD,"150,000+",2
991,Male,40-59,"50,000-69,999",Intraday Trader,"$150,000+",No,630-689,High School,"$80,000-149,999",2
992,Female,40-59,"90,000-109,999",One Day,"$150,000+",Not sure,300-629,Bachelors,"$1,000-79,999",2
993,Male,60+,"70,000-89,999",Scalp Trader,"100,000-149,999",No,630-689,Masters,"$80,000-149,999",2
994,Female,60+,"130,000+",Intraday Trader,"$150,000+",Yes,690-719,Masters,"$1,000-79,999",0
995,Other,40-59,"130,000+",Scalp Trader,"$50,000-99,999",Yes,720-850,Bachelors,"$80,000-149,999",2
996,Male,18-39,"50,000-69,999",Swing Trader,"100,000-149,999",Not sure,630-689,Bachelors,"$80,000-149,999",0
997,Female,60+,"70,000-89,999",One Day,"$50,000-99,999",Yes,630-689,Masters,"$80,000-149,999",0
998,Male,18-39,"20,000-49,000",Position Trader,"$150,000+",Not sure,720-850,Masters,"150,000+",0
999,Female,60+,"90,000-109,999",Scalp Trader,"$50,000-99,999",No,720-850,PhD,"$80,000-149,999",2
